,Year,Location,CigaretteSmokingPrevalence,TobaccoSmokingPrevalence,TobaccoUsePrevalance,MostSoldBrandCigaretteCurrency,MostSoldBrandCigarettePrice,rates,MostSoldUSD,Lat,Lng
0,2018,Albania,43.3,50.5,50.5,All,240.0,0.00961,2.3064,41.153332,20.168331
1,2016,Albania,43.7,51.1,51.1,All,230.0,0.00961,2.2103,41.153332,20.168331
2,2014,Albania,44.3,51.7,51.7,All,200.0,0.00961,1.922,41.153332,20.168331
3,2012,Albania,44.9,52.3,52.3,All,170.0,0.00961,1.6337000000000002,41.153332,20.168331
4,2010,Albania,45.7,53.2,53.2,All,150.0,0.00961,1.4415,41.153332,20.168331
5,2008,Albania,46.8,54.4,54.4,All,130.0,0.00961,1.2493,41.153332,20.168331
6,2018,Algeria,11.1,14.5,18.8,DZD,300.0,0.00733,2.199,28.033886,1.659626
7,2016,Algeria,11.2,14.7,19.1,DZD,210.0,0.00733,1.5393,28.033886,1.659626
8,2014,Algeria,11.4,14.9,19.4,DZD,150.0,0.00733,1.0995,28.033886,1.659626
9,2012,Algeria,11.6,15.2,19.8,DZD,85.0,0.00733,0.62305,28.033886,1.659626
10,2010,Algeria,11.7,15.5,20.0,DZD,85.0,0.00733,0.62305,28.033886,1.659626
11,2008,Algeria,12.1,15.9,20.8,DZD,70.0,0.00733,0.5131,28.033886,1.659626
12,2018,Andorra,27.7,33.8,33.8,EUR,3.6,1.168889,4.2080004,42.506285,1.521801
13,2016,Andorra,27.9,33.9,33.9,EUR,3.5,1.168889,4.0911115,42.506285,1.521801
14,2014,Andorra,28.0,34.1,34.1,EUR,3.5,1.168889,4.0911115,42.506285,1.521801
15,2012,Andorra,28.3,34.5,34.5,EUR,3.1,1.168889,3.6235559,42.506285,1.521801
16,2010,Andorra,28.4,34.7,34.7,EUR,2.4,1.168889,2.8053336,42.506285,1.521801
17,2018,Austria,27.0,29.1,29.1,EUR,5.5,1.168889,6.4288895,47.516231,14.550072
18,2016,Austria,28.5,30.7,30.7,EUR,5.0,1.168889,5.844445,47.516231,14.550072
19,2014,Austria,30.1,32.5,32.5,EUR,4.9,1.168889,5.727556100000001,47.516231,14.550072
20,2012,Austria,31.9,34.2,34.2,EUR,4.5,1.168889,5.2600005,47.516231,14.550072
21,2010,Austria,33.8,36.1,36.1,EUR,4.0,1.168889,4.675556,47.516231,14.550072
22,2008,Austria,36.7,39.4,39.4,EUR,3.6,1.168889,4.2080004,47.516231,14.550072
23,2018,Belgium,23.4,25.0,25.0,EUR,6.6,1.168889,7.7146674,50.503887,4.469936
24,2016,Belgium,23.8,25.5,25.5,EUR,6.32,1.168889,7.387378480000001,50.503887,4.469936
25,2014,Belgium,24.2,25.9,25.9,EUR,5.79,1.168889,6.767867310000001,50.503887,4.469936
26,2012,Belgium,24.7,26.5,26.5,EUR,5.26,1.168889,6.14835614,50.503887,4.469936
27,2010,Belgium,25.2,27.0,27.0,EUR,4.84,1.168889,5.65742276,50.503887,4.469936
28,2008,Belgium,26.0,27.8,27.8,EUR,4.16,1.168889,4.86257824,50.503887,4.469936
29,2018,Cyprus,29.9,36.7,36.7,EUR,4.5,1.168889,5.2600005,35.126413,33.429859
30,2016,Cyprus,30.4,37.1,37.1,EUR,4.2,1.168889,4.909333800000001,35.126413,33.429859
31,2014,Cyprus,30.7,37.6,37.6,EUR,4.0,1.168889,4.675556,35.126413,33.429859
32,2012,Cyprus,31.3,38.3,38.3,EUR,3.75,1.168889,4.38333375,35.126413,33.429859
33,2010,Cyprus,31.6,38.8,38.8,EUR,2.82,1.168889,3.29626698,35.126413,33.429859
34,2008,Cyprus,32.5,40.0,40.0,EUR,2.82,1.168889,3.29626698,35.126413,33.429859
35,2018,Estonia,27.5,30.5,30.5,EUR,4.25,1.168889,4.96777825,58.595272,25.0136071
36,2016,Estonia,28.3,31.5,31.5,EUR,3.8,1.168889,4.4417782,58.595272,25.0136071
37,2014,Estonia,29.3,32.4,32.4,EUR,3.5,1.168889,4.0911115,58.595272,25.0136071
38,2012,Estonia,30.2,33.6,33.6,EUR,3.1,1.168889,3.6235559,58.595272,25.0136071
39,2018,Finland,17.3,19.7,19.7,EUR,7.22,1.168889,8.43937858,61.92410999999999,25.7481511
40,2016,Finland,18.1,20.4,20.4,EUR,6.12,1.168889,7.15360068,61.92410999999999,25.7481511
41,2014,Finland,18.9,21.3,21.3,EUR,5.47,1.168889,6.39382283,61.92410999999999,25.7481511
42,2012,Finland,19.7,22.3,22.3,EUR,4.89,1.168889,5.71586721,61.92410999999999,25.7481511
43,2010,Finland,20.6,23.4,23.4,EUR,4.32,1.168889,5.0496004800000005,61.92410999999999,25.7481511
44,2008,Finland,22.0,25.0,25.0,EUR,4.07,1.168889,4.7573782300000005,61.92410999999999,25.7481511
45,2018,France,31.5,34.6,34.6,EUR,8.0,1.168889,9.351112,46.227638,2.213749
46,2016,France,31.5,34.6,34.6,EUR,7.0,1.168889,8.182223,46.227638,2.213749
47,2014,France,31.5,34.6,34.6,EUR,7.0,1.168889,8.182223,46.227638,2.213749
48,2012,France,31.4,34.5,34.5,EUR,6.2,1.168889,7.247111800000001,46.227638,2.213749
49,2010,France,31.4,34.5,34.5,EUR,5.6,1.168889,6.5457784,46.227638,2.213749
50,2008,France,31.4,34.5,34.5,EUR,5.3,1.168889,6.1951117,46.227638,2.213749
51,2018,Germany,26.0,28.0,28.0,EUR,6.4,1.168889,7.480889600000001,51.165691,10.451526
52,2016,Germany,26.5,28.6,28.6,EUR,6.0,1.168889,7.013334,51.165691,10.451526
53,2014,Germany,27.1,29.1,29.1,EUR,5.47,1.168889,6.39382283,51.165691,10.451526
54,2012,Germany,27.7,29.7,29.7,EUR,5.26,1.168889,6.14835614,51.165691,10.451526
55,2010,Germany,28.1,30.3,30.3,EUR,4.95,1.168889,5.786000550000001,51.165691,10.451526
56,2008,Germany,28.9,31.2,31.2,EUR,4.71,1.168889,5.50546719,51.165691,10.451526
57,2018,Greece,35.6,39.1,39.1,EUR,4.6,1.168889,5.3768894,39.074208,21.824312
58,2016,Greece,36.5,40.2,40.2,EUR,4.0,1.168889,4.675556,39.074208,21.824312
59,2014,Greece,37.4,41.2,41.2,EUR,4.0,1.168889,4.675556,39.074208,21.824312
60,2012,Greece,38.3,42.1,42.1,EUR,3.7,1.168889,4.324889300000001,39.074208,21.824312
61,2010,Greece,39.4,43.4,43.4,EUR,3.2,1.168889,3.740444800000001,39.074208,21.824312
62,2008,Greece,41.1,45.3,45.3,EUR,3.0,1.168889,3.506667,39.074208,21.824312
63,2018,Ireland,21.1,23.6,23.6,EUR,12.2,1.168889,14.2604458,53.41291,-8.24389
64,2016,Ireland,22.1,24.6,24.6,EUR,10.8,1.168889,12.624001200000002,53.41291,-8.24389
65,2014,Ireland,23.0,25.9,25.9,EUR,9.6,1.168889,11.2213344,53.41291,-8.24389
66,2012,Ireland,24.1,26.9,26.9,EUR,9.1,1.168889,10.6368899,53.41291,-8.24389
67,2010,Ireland,25.1,28.2,28.2,EUR,8.55,1.168889,9.994000950000002,53.41291,-8.24389
68,2008,Ireland,26.9,30.2,30.2,EUR,8.05,1.168889,9.409556450000002,53.41291,-8.24389
69,2018,Italy,22.8,23.4,23.4,EUR,5.5,1.168889,6.4288895,41.87194,12.56738
70,2016,Italy,23.1,23.6,23.6,EUR,5.2,1.168889,6.078222800000001,41.87194,12.56738
71,2014,Italy,23.3,24.0,24.0,EUR,5.0,1.168889,5.844445,41.87194,12.56738
72,2012,Italy,23.6,24.3,24.3,EUR,5.0,1.168889,5.844445,41.87194,12.56738
73,2010,Italy,23.9,24.7,24.7,EUR,3.7,1.168889,4.324889300000001,41.87194,12.56738
74,2008,Italy,24.5,25.1,25.1,EUR,3.6,1.168889,4.2080004,41.87194,12.56738
75,2018,Latvia,32.4,36.7,36.7,EUR,3.5,1.168889,4.0911115,56.879635,24.603189
76,2016,Latvia,32.8,37.1,37.1,EUR,3.0,1.168889,3.506667,56.879635,24.603189
77,2014,Latvia,33.3,37.5,37.5,EUR,3.0,1.168889,3.506667,56.879635,24.603189
78,2018,Lithuania,24.7,27.1,27.1,EUR,3.75,1.168889,4.38333375,55.169438,23.881275
79,2016,Lithuania,25.4,28.0,28.0,EUR,3.1,1.168889,3.6235559,55.169438,23.881275
80,2018,Luxembourg,19.8,21.7,21.7,EUR,5.3,1.168889,6.1951117,49.815273,6.129582999999999
81,2016,Luxembourg,20.4,22.5,22.5,EUR,5.2,1.168889,6.078222800000001,49.815273,6.129582999999999
82,2014,Luxembourg,21.1,23.3,23.3,EUR,5.0,1.168889,5.844445,49.815273,6.129582999999999
83,2012,Luxembourg,21.9,24.0,24.0,EUR,4.6,1.168889,5.3768894,49.815273,6.129582999999999
84,2010,Luxembourg,22.7,24.9,24.9,EUR,3.68,1.168889,4.30151152,49.815273,6.129582999999999
85,2008,Luxembourg,23.9,26.2,26.2,EUR,3.2,1.168889,3.740444800000001,49.815273,6.129582999999999
86,2018,Malta,22.4,25.1,25.1,EUR,5.5,1.168889,6.4288895,35.937496,14.375416
87,2016,Malta,23.1,25.9,25.9,EUR,5.3,1.168889,6.1951117,35.937496,14.375416
88,2014,Malta,23.8,26.8,26.8,EUR,4.8,1.168889,5.6106672,35.937496,14.375416
89,2012,Malta,24.7,27.8,27.8,EUR,4.2,1.168889,4.909333800000001,35.937496,14.375416
90,2010,Malta,25.5,28.6,28.6,EUR,4.0,1.168889,4.675556,35.937496,14.375416
91,2008,Malta,26.9,30.1,30.1,EUR,3.59,1.168889,4.19631151,35.937496,14.375416
92,2018,Netherlands,20.1,23.4,23.4,EUR,7.0,1.168889,8.182223,52.132633,5.291265999999999
93,2016,Netherlands,20.8,24.3,24.3,EUR,6.63,1.168889,7.749734070000001,52.132633,5.291265999999999
94,2014,Netherlands,21.5,25.1,25.1,EUR,6.32,1.168889,7.387378480000001,52.132633,5.291265999999999
95,2012,Netherlands,22.3,26.1,26.1,EUR,5.68,1.168889,6.63928952,52.132633,5.291265999999999
96,2010,Netherlands,23.1,27.0,27.0,EUR,5.05,1.168889,5.90288945,52.132633,5.291265999999999
97,2008,Netherlands,24.3,28.4,28.4,EUR,4.74,1.168889,5.540533860000001,52.132633,5.291265999999999
98,2018,Portugal,24.8,27.9,27.9,EUR,5.0,1.168889,5.844445,39.39987199999999,-8.224454
99,2016,Portugal,24.5,27.5,27.5,EUR,4.8,1.168889,5.6106672,39.39987199999999,-8.224454
100,2014,Portugal,24.2,27.1,27.1,EUR,4.5,1.168889,5.2600005,39.39987199999999,-8.224454
101,2012,Portugal,23.8,26.8,26.8,EUR,4.2,1.168889,4.909333800000001,39.39987199999999,-8.224454
102,2010,Portugal,23.5,26.4,26.4,EUR,3.5,1.168889,4.0911115,39.39987199999999,-8.224454
103,2008,Portugal,23.1,26.1,26.1,EUR,3.3,1.168889,3.8573337,39.39987199999999,-8.224454
104,2018,Slovakia,27.0,32.3,32.3,EUR,3.3,1.168889,3.8573337,48.669026,19.699024
105,2016,Slovakia,27.0,32.1,32.1,EUR,3.1,1.168889,3.6235559,48.669026,19.699024
106,2014,Slovakia,26.9,32.1,32.1,EUR,2.84,1.168889,3.31964476,48.669026,19.699024
107,2012,Slovakia,26.8,32.0,32.0,EUR,2.74,1.168889,3.2027558600000003,48.669026,19.699024
108,2010,Slovakia,26.9,31.9,31.9,EUR,2.42,1.168889,2.82871138,48.669026,19.699024
109,2008,Slovakia,26.8,31.9,31.9,EUR,2.1,1.168889,2.4546669000000003,48.669026,19.699024
110,2018,Slovenia,20.9,22.7,22.7,EUR,3.7,1.168889,4.324889300000001,46.151241,14.995463
111,2016,Slovenia,21.2,23.0,23.0,EUR,3.5,1.168889,4.0911115,46.151241,14.995463
112,2014,Slovenia,21.5,23.3,23.3,EUR,3.45,1.168889,4.032667050000001,46.151241,14.995463
113,2012,Slovenia,21.8,23.5,23.5,EUR,2.9,1.168889,3.3897781,46.151241,14.995463
114,2010,Slovenia,22.0,23.8,23.8,EUR,2.5,1.168889,2.9222225,46.151241,14.995463
115,2008,Slovenia,22.4,24.3,24.3,EUR,2.2,1.168889,2.5715558000000005,46.151241,14.995463
116,2018,Spain,25.9,27.9,27.9,EUR,5.0,1.168889,5.844445,40.46366700000001,-3.74922
117,2016,Spain,26.7,28.8,28.8,EUR,4.85,1.168889,5.66911165,40.46366700000001,-3.74922
118,2014,Spain,27.8,29.6,29.6,EUR,4.8,1.168889,5.6106672,40.46366700000001,-3.74922
119,2012,Spain,28.5,30.6,30.6,EUR,4.5,1.168889,5.2600005,40.46366700000001,-3.74922
120,2010,Spain,29.5,31.6,31.6,EUR,3.4,1.168889,3.9742226,40.46366700000001,-3.74922
121,2008,Spain,31.0,33.3,33.3,EUR,2.5,1.168889,2.9222225,40.46366700000001,-3.74922
122,2018,Argentina,19.2,21.1,21.8,ARS,60.0,0.010153,0.60918,-38.416097,-63.61667199999999
123,2016,Argentina,20.5,22.7,23.6,ARS,40.0,0.010153,0.40612,-38.416097,-63.61667199999999
124,2014,Argentina,21.9,24.2,25.6,ARS,14.5,0.010153,0.1472185,-38.416097,-63.61667199999999
125,2012,Argentina,23.6,26.0,27.8,ARS,8.0,0.010153,0.081224,-38.416097,-63.61667199999999
126,2010,Argentina,25.3,28.0,30.1,ARS,5.38,0.010153,0.05462314,-38.416097,-63.61667199999999
127,2008,Argentina,28.3,31.2,34.1,ARS,3.8,0.010153,0.0385814,-38.416097,-63.61667199999999
128,2018,Armenia,25.0,26.7,26.7,AMD,680.0,0.002035,1.3838,40.069099,45.038189
129,2016,Armenia,25.8,27.5,27.5,AMD,600.0,0.002035,1.221,40.069099,45.038189
130,2014,Armenia,26.6,28.3,28.3,AMD,600.0,0.002035,1.221,40.069099,45.038189
131,2012,Armenia,27.3,29.1,29.1,AMD,600.0,0.002035,1.221,40.069099,45.038189
132,2010,Armenia,28.2,30.0,30.0,AMD,550.0,0.002035,1.11925,40.069099,45.038189
133,2008,Armenia,29.2,31.3,31.3,AMD,500.0,0.002035,1.0174999999999998,40.069099,45.038189
134,2018,Australia,12.9,14.1,16.2,AUD,20.75,0.724257,15.02833275,-25.274398,133.775136
135,2016,Australia,12.2,14.9,17.1,AUD,21.0,0.724257,15.209397,-25.274398,133.775136
136,2014,Australia,12.9,15.8,18.2,AUD,17.05,0.724257,12.34858185,-25.274398,133.775136
137,2012,Australia,13.7,16.8,19.3,AUD,13.63,0.724257,9.87162291,-25.274398,133.775136
138,2010,Australia,14.7,17.9,20.4,AUD,11.98,0.724257,8.67659886,-25.274398,133.775136
139,2008,Australia,16.1,19.7,22.4,AUD,9.6,0.724257,6.9528672,-25.274398,133.775136
140,2018,Kiribati,41.7,52.0,52.0,AUD,6.0,0.724257,4.345542,-3.370417,-168.734039
141,2016,Kiribati,43.0,53.5,53.5,AUD,6.0,0.724257,4.345542,-3.370417,-168.734039
142,2014,Kiribati,44.2,55.2,55.2,AUD,4.8,0.724257,3.4764336,-3.370417,-168.734039
143,2012,Kiribati,45.5,56.7,56.7,AUD,4.8,0.724257,3.4764336,-3.370417,-168.734039
144,2010,Kiribati,46.9,58.1,58.1,AUD,6.4,0.724257,4.635244800000001,-3.370417,-168.734039
145,2008,Kiribati,49.3,61.2,61.2,AUD,6.4,0.724257,4.635244800000001,-3.370417,-168.734039
146,2018,Nauru,37.6,46.0,52.1,AUD,13.0,0.724257,9.415341,-0.522778,166.931503
147,2016,Nauru,38.7,47.4,53.9,AUD,11.0,0.724257,7.966827,-0.522778,166.931503
148,2010,Nauru,41.7,51.1,59.5,AUD,4.96,0.724257,3.59231472,-0.522778,166.931503
149,2008,Nauru,43.4,53.3,62.8,AUD,4.4,0.724257,3.1867308000000003,-0.522778,166.931503
150,2018,Tuvalu,30.6,37.4,48.7,AUD,6.0,0.724257,4.345542,-7.109534999999999,177.64933
151,2016,Tuvalu,31.4,38.4,50.0,AUD,3.5,0.724257,2.5348995000000003,-7.109534999999999,177.64933
152,2014,Tuvalu,32.2,39.4,51.4,AUD,2.5,0.724257,1.8106425,-7.109534999999999,177.64933
153,2012,Tuvalu,33.1,40.8,52.9,AUD,6.0,0.724257,4.345542,-7.109534999999999,177.64933
154,2010,Tuvalu,34.0,41.7,54.4,AUD,6.0,0.724257,4.345542,-7.109534999999999,177.64933
155,2008,Tuvalu,35.4,43.6,56.7,AUD,4.5,0.724257,3.2591565,-7.109534999999999,177.64933
156,2018,Azerbaijan,15.6,19.6,19.6,AZN,1.2,0.588322,0.7059864,40.143105,47.576927
157,2016,Azerbaijan,16.3,20.3,20.3,AZN,2.8,0.588322,1.6473016,40.143105,47.576927
158,2014,Azerbaijan,16.8,21.1,21.1,AZN,1.4,0.588322,0.8236508,40.143105,47.576927
159,2012,Azerbaijan,17.5,21.9,21.9,AZN,1.1,0.588322,0.6471542,40.143105,47.576927
160,2010,Azerbaijan,18.2,22.8,22.8,AZN,0.7,0.588322,0.4118254,40.143105,47.576927
161,2008,Azerbaijan,19.3,24.2,24.2,AZN,0.7,0.588322,0.4118254,40.143105,47.576927
162,2018,Bangladesh,17.7,20.9,39.1,BDT,80.0,0.011682,0.93456,23.684994,90.356331
163,2016,Bangladesh,18.5,21.7,40.1,BDT,50.0,0.011682,0.5841,23.684994,90.356331
164,2014,Bangladesh,19.1,22.6,41.1,BDT,30.0,0.011682,0.35046,23.684994,90.356331
165,2012,Bangladesh,19.9,23.4,42.3,BDT,28.0,0.011682,0.327096,23.684994,90.356331
166,2010,Bangladesh,20.7,24.5,43.5,BDT,17.0,0.011682,0.198594,23.684994,90.356331
167,2008,Bangladesh,22.0,3.0,45.5,BDT,15.0,0.011682,0.17523,23.684994,90.356331
168,2018,Barbados,10.1,2.0,2.3,BBD,14.65,0.500221,7.32823765,13.193887,-59.543198
169,2016,Barbados,10.2,2.1,2.4,BBD,15.0,0.500221,7.503315000000001,13.193887,-59.543198
170,2014,Barbados,10.3,2.2,2.4,BBD,13.85,0.500221,6.9280608500000005,13.193887,-59.543198
171,2012,Barbados,10.5,2.3,2.5,BBD,11.29,0.500221,5.64749509,13.193887,-59.543198
172,2010,Barbados,10.7,2.4,2.6,BBD,11.0,0.500221,5.5024310000000005,13.193887,-59.543198
173,2008,Barbados,2.0,2.6,2.7,BBD,11.0,0.500221,5.5024310000000005,13.193887,-59.543198
174,2018,Belarus,39.9,26.6,26.6,BYN,1.1,0.401164,0.4412804000000001,53.709807,27.953389
175,2018,Benin,4.1,11.3,12.4,XOF,500.0,0.001782,0.891,9.30769,2.315834
176,2016,Benin,4.3,11.8,2.2,XOF,500.0,0.001782,0.891,9.30769,2.315834
177,2014,Benin,4.5,12.4,2.5,XOF,500.0,0.001782,0.891,9.30769,2.315834
178,2012,Benin,4.7,13.0,2.8,XOF,500.0,0.001782,0.891,9.30769,2.315834
179,2010,Benin,5.0,13.6,17.6,XOF,500.0,0.001782,0.891,9.30769,2.315834
180,2008,Benin,10.4,14.5,20.2,XOF,500.0,0.001782,0.891,9.30769,2.315834
181,2018,Burkina Faso,10.0,12.3,24.9,XOF,750.0,0.001782,1.3365,12.238333,-1.561593
182,2016,Burkina Faso,10.1,2.1,25.6,XOF,650.0,0.001782,1.1583,12.238333,-1.561593
183,2014,Burkina Faso,10.4,2.5,26.5,XOF,500.0,0.001782,0.891,12.238333,-1.561593
184,2012,Burkina Faso,10.6,2.9,19.1,XOF,500.0,0.001782,0.891,12.238333,-1.561593
185,2010,Burkina Faso,10.8,24.4,20.4,XOF,500.0,0.001782,0.891,12.238333,-1.561593
186,2008,Burkina Faso,11.2,25.2,22.7,XOF,500.0,0.001782,0.891,12.238333,-1.561593
187,2018,Côte d’Ivoire,10.1,12.4,13.0,XOF,700.0,0.001782,1.2474,7.539988999999999,-5.547079999999999
188,2016,Côte d’Ivoire,10.5,12.8,13.4,XOF,700.0,0.001782,1.2474,7.539988999999999,-5.547079999999999
189,2014,Côte d’Ivoire,10.9,13.4,2.1,XOF,700.0,0.001782,1.2474,7.539988999999999,-5.547079999999999
190,2012,Côte d’Ivoire,11.4,13.9,2.4,XOF,700.0,0.001782,1.2474,7.539988999999999,-5.547079999999999
191,2010,Côte d’Ivoire,11.8,14.5,2.7,XOF,700.0,0.001782,1.2474,7.539988999999999,-5.547079999999999
192,2008,Côte d’Ivoire,12.6,15.5,3.4,XOF,700.0,0.001782,1.2474,7.539988999999999,-5.547079999999999
193,2018,Mali,18.1,12.0,12.0,XOF,800.0,0.001782,1.4256,17.570692,-3.996166
194,2016,Mali,18.0,12.1,12.1,XOF,800.0,0.001782,1.4256,17.570692,-3.996166
195,2014,Mali,18.0,12.1,12.1,XOF,700.0,0.001782,1.2474,17.570692,-3.996166
196,2012,Mali,18.1,2.1,2.1,XOF,700.0,0.001782,1.2474,17.570692,-3.996166
197,2010,Mali,18.1,2.3,2.3,XOF,700.0,0.001782,1.2474,17.570692,-3.996166
198,2008,Mali,18.2,2.6,2.6,XOF,700.0,0.001782,1.2474,17.570692,-3.996166
199,2018,Niger,12.6,14.3,16.3,XOF,500.0,0.001782,0.891,17.607789,8.081666
200,2016,Niger,12.2,14.0,15.9,XOF,500.0,0.001782,0.891,17.607789,8.081666
201,2014,Niger,11.9,13.8,15.7,XOF,500.0,0.001782,0.891,17.607789,8.081666
202,2012,Niger,11.6,13.5,15.4,XOF,400.0,0.001782,0.7128,17.607789,8.081666
203,2010,Niger,11.3,13.2,15.0,XOF,400.0,0.001782,0.7128,17.607789,8.081666
204,2008,Niger,10.9,12.8,14.5,XOF,400.0,0.001782,0.7128,17.607789,8.081666
205,2018,Senegal,12.5,14.5,17.4,XOF,700.0,0.001782,1.2474,14.497401,-14.452362
206,2016,Senegal,13.0,15.1,18.2,XOF,500.0,0.001782,0.891,14.497401,-14.452362
207,2014,Senegal,13.6,15.8,10.0,XOF,500.0,0.001782,0.891,14.497401,-14.452362
208,2012,Senegal,14.1,16.4,10.6,XOF,400.0,0.001782,0.7128,14.497401,-14.452362
209,2010,Senegal,14.8,17.1,11.2,XOF,400.0,0.001782,0.7128,14.497401,-14.452362
210,2008,Senegal,15.8,18.3,12.1,XOF,400.0,0.001782,0.7128,14.497401,-14.452362
211,2018,Togo,10.2,13.5,13.5,XOF,600.0,0.001782,1.0692,8.619543,0.824782
212,2016,Togo,10.5,13.9,14.0,XOF,500.0,0.001782,0.891,8.619543,0.824782
213,2014,Togo,10.9,14.4,2.1,XOF,400.0,0.001782,0.7128,8.619543,0.824782
214,2012,Togo,11.2,14.9,2.4,XOF,400.0,0.001782,0.7128,8.619543,0.824782
215,2010,Togo,11.6,15.3,2.7,XOF,380.0,0.001782,0.67716,8.619543,0.824782
216,2008,Togo,12.2,16.1,3.3,XOF,350.0,0.001782,0.6237,8.619543,0.824782
217,2018,Bosnia and Herzegovina,30.9,38.3,38.3,BAM,5.5,0.597667,3.2871685,43.915886,17.679076
218,2016,Bosnia and Herzegovina,31.5,39.1,39.1,BAM,4.5,0.597667,2.6895014999999995,43.915886,17.679076
219,2014,Bosnia and Herzegovina,32.3,39.7,39.7,BAM,3.7,0.597667,2.2113679,43.915886,17.679076
220,2012,Bosnia and Herzegovina,32.9,40.6,40.6,BAM,2.8,0.597667,1.6734675999999995,43.915886,17.679076
221,2010,Bosnia and Herzegovina,33.6,41.4,41.4,BAM,2.3,0.597667,1.3746340999999995,43.915886,17.679076
222,2008,Bosnia and Herzegovina,34.7,42.8,42.8,BAM,2.0,0.597667,1.195334,43.915886,17.679076
223,2018,Brazil,15.3,17.2,16.5,BRL,5.0,0.184339,0.921695,-14.235004,-51.92528
224,2016,Brazil,16.2,14.2,17.8,BRL,6.24,0.184339,1.15027536,-14.235004,-51.92528
225,2014,Brazil,17.2,15.2,19.2,BRL,5.75,0.184339,1.05994925,-14.235004,-51.92528
226,2012,Brazil,14.4,16.2,20.7,BRL,4.25,0.184339,0.78344075,-14.235004,-51.92528
227,2010,Brazil,15.3,17.3,22.3,BRL,3.25,0.184339,0.59910175,-14.235004,-51.92528
228,2008,Brazil,17.0,19.2,25.0,BRL,2.4,0.184339,0.4424136,-14.235004,-51.92528
229,2018,Cambodia,16.1,2.0,37.4,KHR,2000.0,0.000244,0.488,12.565679,104.990963
230,2016,Cambodia,2.1,2.3,40.1,KHR,2000.0,0.000244,0.488,12.565679,104.990963
231,2014,Cambodia,2.5,2.7,43.4,KHR,1800.0,0.000244,0.4392,12.565679,104.990963
232,2012,Cambodia,2.9,3.2,46.9,KHR,1700.0,0.000244,0.4148,12.565679,104.990963
233,2010,Cambodia,3.4,3.7,30.6,USD,0.33,1.0,0.33,12.565679,104.990963
234,2008,Cambodia,4.4,4.7,34.6,USD,0.3,1.0,0.3,12.565679,104.990963
235,2018,Chad,12.3,17.9,2.3,XAF,1000.0,0.001782,1.782,15.454166,18.732207
236,2016,Chad,12.4,17.9,2.6,XAF,750.0,0.001782,1.3365,15.454166,18.732207
237,2014,Chad,12.4,18.0,2.9,XAF,700.0,0.001782,1.2474,15.454166,18.732207
238,2012,Chad,12.3,17.9,21.9,XAF,500.0,0.001782,0.891,15.454166,18.732207
239,2010,Chad,12.4,18.0,22.2,XAF,500.0,0.001782,0.891,15.454166,18.732207
240,2008,Chad,12.5,10.0,22.6,XAF,500.0,0.001782,0.891,15.454166,18.732207
241,2018,Congo,12.2,12.7,2.0,XAF,650.0,0.001782,1.1583,21.7587,-4.0383
242,2016,Congo,11.3,12.0,2.1,XAF,650.0,0.001782,1.1583,21.7587,-4.0383
243,2014,Congo,10.6,11.4,2.3,XAF,600.0,0.001782,1.0692,21.7587,-4.0383
244,2012,Congo,19.0,10.9,2.5,XAF,500.0,0.001782,0.891,21.7587,-4.0383
245,2010,Congo,17.9,10.3,2.7,XAF,500.0,0.001782,0.891,21.7587,-4.0383
246,2008,Congo,16.2,18.1,22.2,XAF,500.0,0.001782,0.891,21.7587,-4.0383
247,2018,Canada,12.5,13.0,17.5,CAD,11.81,0.78862,9.3136022,56.130366,-106.346771
248,2016,Canada,13.6,14.1,19.1,CAD,10.29,0.78862,8.1148998,56.130366,-106.346771
249,2014,Canada,14.8,15.4,20.7,CAD,9.25,0.78862,7.294735,56.130366,-106.346771
250,2012,Canada,16.1,16.7,22.6,CAD,8.49,0.78862,6.6953838,56.130366,-106.346771
251,2010,Canada,17.6,18.2,24.7,CAD,8.68,0.78862,6.8452216,56.130366,-106.346771
252,2008,Canada,20.0,20.7,28.1,CAD,7.86,0.78862,6.1985532,56.130366,-106.346771
253,2018,Chile,34.5,44.7,44.7,CLP,2700.0,0.001248,3.3696,-35.675147,-71.542969
254,2016,Chile,35.0,45.5,45.5,CLP,2178.0,0.001248,2.718144,-35.675147,-71.542969
255,2014,Chile,35.7,46.2,46.2,CLP,1701.0,0.001248,2.122848,-35.675147,-71.542969
256,2012,Chile,36.4,47.2,47.2,CLP,1635.0,0.001248,2.04048,-35.675147,-71.542969
257,2010,Chile,37.1,48.3,48.3,CLP,1188.0,0.001248,1.482624,-35.675147,-71.542969
258,2008,Chile,38.3,49.6,49.6,CLP,1074.0,0.001248,1.340352,-35.675147,-71.542969
259,2018,China,22.6,24.7,24.7,CNY,14.07,0.154878,2.17913346,35.86166,104.195397
260,2016,China,23.2,25.1,25.1,CNY,12.84,0.154878,1.98863352,35.86166,104.195397
261,2014,China,23.4,25.5,25.5,CNY,11.61,0.154878,1.7981335799999998,35.86166,104.195397
262,2012,China,24.0,26.1,26.1,CNY,10.57,0.154878,1.6370604599999998,35.86166,104.195397
263,2010,China,24.4,26.6,26.6,CNY,7.57,0.154878,1.17242646,35.86166,104.195397
264,2008,China,25.0,27.3,27.3,CNY,6.44,0.154878,0.99741432,35.86166,104.195397
265,2018,Colombia,3.3,3.7,3.7,COP,4003.0,0.00026,1.0407799999999998,4.570868,-74.297333
266,2016,Colombia,3.7,4.1,4.1,COP,2726.0,0.00026,0.70876,4.570868,-74.297333
267,2014,Colombia,4.1,4.6,4.6,COP,2479.0,0.00026,0.6445399999999999,4.570868,-74.297333
268,2012,Colombia,4.6,14.9,14.9,COP,2269.0,0.00026,0.5899399999999999,4.570868,-74.297333
269,2010,Colombia,5.1,16.2,16.2,COP,1880.0,0.00026,0.4887999999999999,4.570868,-74.297333
270,2008,Colombia,15.9,17.9,17.9,COP,1769.0,0.00026,0.4599399999999999,4.570868,-74.297333
271,2018,Comoros,18.8,22.8,29.9,KMF,750.0,0.002373,1.7797500000000002,-11.6455,43.3333
272,2016,Comoros,19.2,23.3,20.9,KMF,750.0,0.002373,1.7797500000000002,-11.6455,43.3333
273,2014,Comoros,19.8,23.9,22.6,KMF,500.0,0.002373,1.1865,-11.6455,43.3333
274,2012,Comoros,20.3,24.6,24.4,KMF,500.0,0.002373,1.1865,-11.6455,43.3333
275,2010,Comoros,21.1,25.4,26.6,KMF,500.0,0.002373,1.1865,-11.6455,43.3333
276,2008,Comoros,22.0,26.5,30.4,KMF,500.0,0.002373,1.1865,-11.6455,43.3333
277,2018,Cook Islands,21.3,26.6,26.6,NZD,24.0,0.696079,16.705896,-21.236736,-159.777671
278,2016,Cook Islands,22.4,28.0,28.0,NZD,21.7,0.696079,15.1049143,-21.236736,-159.777671
279,2014,Cook Islands,23.6,29.5,29.5,NZD,19.0,0.696079,13.225501,-21.236736,-159.777671
280,2012,Cook Islands,24.9,31.1,31.1,NZD,12.0,0.696079,8.352948,-21.236736,-159.777671
281,2010,Cook Islands,26.3,32.7,32.7,NZD,8.2,0.696079,5.7078478,-21.236736,-159.777671
282,2008,Cook Islands,28.6,35.7,35.7,NZD,8.2,0.696079,5.7078478,-21.236736,-159.777671
283,2018,New Zealand,14.0,14.8,14.8,NZD,23.9,0.696079,16.636288099999998,-40.900557,174.885971
284,2016,New Zealand,15.2,16.0,16.0,NZD,21.6,0.696079,15.0353064,-40.900557,174.885971
285,2014,New Zealand,16.4,17.3,17.3,NZD,17.0,0.696079,11.833343,-40.900557,174.885971
286,2012,New Zealand,17.6,18.6,18.6,NZD,14.5,0.696079,10.0931455,-40.900557,174.885971
287,2010,New Zealand,19.1,20.1,20.1,NZD,10.0,0.696079,6.96079,-40.900557,174.885971
288,2008,New Zealand,21.5,22.5,22.5,NZD,10.0,0.696079,6.96079,-40.900557,174.885971
289,2018,Costa Rica,4.5,5.0,5.0,CRC,1900.0,0.001599,3.0381,9.748917,-83.753428
290,2016,Costa Rica,4.9,15.6,15.6,CRC,1700.0,0.001599,2.7183,9.748917,-83.753428
291,2014,Costa Rica,14.9,16.7,16.7,CRC,1600.0,0.001599,2.5584,9.748917,-83.753428
292,2012,Costa Rica,15.9,17.7,17.7,CRC,1300.0,0.001599,2.0787,9.748917,-83.753428
293,2010,Costa Rica,17.0,19.0,19.0,CRC,800.0,0.001599,1.2792,9.748917,-83.753428
294,2008,Costa Rica,18.7,20.8,20.8,CRC,750.0,0.001599,1.19925,9.748917,-83.753428
295,2018,Croatia,33.1,36.6,36.6,HRK,25.0,0.155857,3.896425,45.1,15.2000001
296,2016,Croatia,32.7,36.3,36.3,HRK,24.0,0.155857,3.740568,45.1,15.2000001
297,2014,Croatia,32.4,36.1,36.1,HRK,23.0,0.155857,3.584711,45.1,15.2000001
298,2012,Croatia,32.2,35.8,35.8,HRK,20.0,0.155857,3.11714,45.1,15.2000001
299,2010,Croatia,32.2,35.6,35.6,HRK,18.0,0.155857,2.805426,45.1,15.2000001
300,2008,Croatia,31.8,35.3,35.3,HRK,15.0,0.155857,2.337855,45.1,15.2000001
301,2018,Cuba,19.4,27.1,27.1,CUP,12.5,0.038857,0.4857125,21.521757,-77.781167
302,2016,Cuba,20.6,28.6,28.6,CUP,7.0,0.038857,0.271999,21.521757,-77.781167
303,2014,Cuba,21.8,30.4,30.4,CUP,7.0,0.038857,0.271999,21.521757,-77.781167
304,2012,Cuba,23.3,32.3,32.3,CUP,7.0,0.038857,0.271999,21.521757,-77.781167
305,2008,Cuba,27.3,37.8,37.8,CUP,7.0,0.038857,0.271999,21.521757,-77.781167
306,2018,Czechia,26.9,31.5,31.5,CZK,94.0,0.045853,4.310182,49.81749199999999,15.472962
307,2016,Czechia,27.1,31.9,31.9,CZK,84.0,0.045853,3.851652,49.81749199999999,15.472962
308,2014,Czechia,27.4,32.2,32.2,CZK,72.0,0.045853,3.301416,49.81749199999999,15.472962
309,2012,Czechia,27.7,32.5,32.5,CZK,68.0,0.045853,3.118004,49.81749199999999,15.472962
310,2010,Czechia,28.0,32.9,32.9,CZK,63.0,0.045853,2.888739,49.81749199999999,15.472962
311,2008,Czechia,28.4,33.4,33.4,CZK,53.0,0.045853,2.430209,49.81749199999999,15.472962
312,2018,Democratic People's Republic of Korea,15.5,18.8,18.8,KPW,229.0,0.001112,0.254648,127.5101,40.3399
313,2016,Democratic People's Republic of Korea,15.7,19.0,19.0,KPW,216.5,0.001112,0.240748,127.5101,40.3399
314,2014,Democratic People's Republic of Korea,16.0,19.2,19.2,KPW,197.1,0.001112,0.2191752,127.5101,40.3399
315,2008,Democratic People's Republic of Korea,16.8,20.3,20.3,KPW,20.0,0.001112,0.02224,127.5101,40.3399
316,2018,Denmark,16.8,18.6,18.6,DKK,44.5,0.157227,6.996601500000001,56.26392,9.501785
317,2016,Denmark,18.2,20.0,20.0,DKK,44.0,0.157227,6.917988,56.26392,9.501785
318,2014,Denmark,19.6,21.6,21.6,DKK,44.0,0.157227,6.917988,56.26392,9.501785
319,2012,Denmark,21.2,23.4,23.4,DKK,40.0,0.157227,6.28908,56.26392,9.501785
320,2010,Denmark,23.0,25.3,25.3,DKK,37.0,0.157227,5.817399,56.26392,9.501785
321,2008,Denmark,25.8,28.5,28.5,DKK,32.0,0.157227,5.031264,56.26392,9.501785
322,2018,Dominican Republic,4.8,7.5,7.5,DOP,200.0,0.017748,3.5496,18.735693,-70.162651
323,2016,Dominican Republic,5.3,12.0,12.0,DOP,150.0,0.017748,2.6622,18.735693,-70.162651
324,2014,Dominican Republic,5.8,12.9,12.9,DOP,150.0,0.017748,2.6622,18.735693,-70.162651
325,2012,Dominican Republic,6.3,13.8,13.8,DOP,130.0,0.017748,2.30724,18.735693,-70.162651
326,2010,Dominican Republic,7.0,12.6,12.6,DOP,120.0,0.017748,2.12976,18.735693,-70.162651
327,2008,Dominican Republic,13.6,14.3,14.3,DOP,100.0,0.017748,1.7748,18.735693,-70.162651
328,2018,Egypt,18.2,21.3,21.4,EGP,16.0,0.06371,1.01936,26.820553,30.802498
329,2016,Egypt,17.8,21.3,21.3,EGP,10.0,0.06371,0.6371,26.820553,30.802498
330,2014,Egypt,17.4,21.3,21.3,EGP,8.0,0.06371,0.50968,26.820553,30.802498
331,2012,Egypt,17.1,21.1,21.1,EGP,6.0,0.06371,0.38226,26.820553,30.802498
332,2010,Egypt,16.7,21.2,21.2,EGP,4.0,0.06371,0.25484,26.820553,30.802498
333,2008,Egypt,16.2,21.3,21.3,EGP,2.75,0.06371,0.1752025,26.820553,30.802498
334,2018,El Salvador,15.3,18.4,2.5,USD,2.89,1.0,2.89,13.794185,-88.89653
335,2016,El Salvador,15.9,19.1,2.7,USD,2.0,1.0,2.0,13.794185,-88.89653
336,2014,El Salvador,2.0,19.9,2.9,USD,2.0,1.0,2.0,13.794185,-88.89653
337,2012,El Salvador,2.1,2.7,25.8,USD,1.95,1.0,1.95,13.794185,-88.89653
338,2010,El Salvador,18.2,2.9,26.9,USD,1.75,1.0,1.75,13.794185,-88.89653
339,2008,El Salvador,19.4,23.1,28.6,USD,1.4,1.0,1.4,13.794185,-88.89653
340,2018,Palau,22.7,28.5,23.7,USD,6.85,1.0,6.85,7.514979999999999,134.58252
341,2016,Palau,23.3,29.2,24.7,USD,6.75,1.0,6.75,7.514979999999999,134.58252
342,2014,Palau,23.9,29.7,25.7,USD,5.25,1.0,5.25,7.514979999999999,134.58252
343,2012,Palau,24.4,20.4,26.6,USD,3.5,1.0,3.5,7.514979999999999,134.58252
344,2010,Palau,25.2,21.1,27.7,USD,3.5,1.0,3.5,7.514979999999999,134.58252
345,2008,Palau,26.3,22.2,29.5,USD,3.5,1.0,3.5,7.514979999999999,134.58252
346,2018,Zimbabwe,11.1,13.9,13.9,USD,1.75,1.0,1.75,-19.015438,29.154857
347,2016,Zimbabwe,11.4,14.3,14.3,USD,1.75,1.0,1.75,-19.015438,29.154857
348,2014,Zimbabwe,11.7,14.7,14.7,USD,1.3,1.0,1.3,-19.015438,29.154857
349,2012,Zimbabwe,12.1,15.2,15.2,USD,1.0,1.0,1.0,-19.015438,29.154857
350,2010,Zimbabwe,12.4,15.6,15.6,USD,0.5,1.0,0.5,-19.015438,29.154857
351,2008,Zimbabwe,12.9,2.1,2.1,USD,0.4,1.0,0.4,-19.015438,29.154857
352,2018,Fiji,34.6,26.7,26.7,FJD,14.2,0.476915,6.772193,-17.713371,178.065032
353,2016,Fiji,35.1,27.1,27.1,FJD,12.0,0.476915,5.72298,-17.713371,178.065032
354,2014,Fiji,35.8,27.7,27.7,FJD,7.8,0.476915,3.719937,-17.713371,178.065032
355,2012,Fiji,36.5,28.5,28.5,FJD,7.2,0.476915,3.433788,-17.713371,178.065032
356,2008,Fiji,24.4,29.9,29.9,FJD,4.6,0.476915,2.193809,-17.713371,178.065032
357,2018,Gambia,11.4,15.2,14.4,GMD,60.0,0.019428,1.16568,-15.3101,13.4432
358,2016,Gambia,11.8,15.7,15.0,GMD,40.0,0.019428,0.77712,-15.3101,13.4432
359,2014,Gambia,12.1,16.1,15.7,GMD,30.0,0.019428,0.58284,-15.3101,13.4432
360,2012,Gambia,12.4,16.6,2.1,GMD,15.0,0.019428,0.29142,-15.3101,13.4432
361,2010,Gambia,12.9,17.1,2.4,GMD,10.0,0.019428,0.19428,-15.3101,13.4432
362,2008,Gambia,13.5,18.0,2.8,GMD,10.0,0.019428,0.19428,-15.3101,13.4432
363,2018,Georgia,4.8,5.2,5.2,GEL,3.7,0.321734,1.1904158,43.3569,42.3154
364,2016,Georgia,4.9,5.3,5.3,GEL,2.5,0.321734,0.804335,43.3569,42.3154
365,2014,Georgia,5.0,5.4,5.4,GEL,2.2,0.321734,0.7078148000000001,43.3569,42.3154
366,2012,Georgia,5.0,5.5,5.5,GEL,1.9,0.321734,0.6112946,43.3569,42.3154
367,2010,Georgia,5.2,5.6,5.6,GEL,1.8,0.321734,0.5791212,43.3569,42.3154
368,2008,Georgia,5.3,5.7,5.7,GEL,1.8,0.321734,0.5791212,43.3569,42.3154
369,2018,Ghana,2.6,3.5,3.7,GHS,4.99,0.165981,0.82824519,7.946527,-1.023194
370,2016,Ghana,2.8,3.7,3.9,GHS,4.99,0.165981,0.82824519,7.946527,-1.023194
371,2014,Ghana,2.9,3.9,4.1,GHS,2.5,0.165981,0.4149524999999999,7.946527,-1.023194
372,2012,Ghana,3.1,4.1,4.4,GHS,2.0,0.165981,0.331962,7.946527,-1.023194
373,2010,Ghana,3.3,4.4,4.7,GHS,2.0,0.165981,0.331962,7.946527,-1.023194
374,2008,Ghana,3.6,4.8,5.1,GHS,1.5,0.165981,0.2489714999999999,7.946527,-1.023194
375,2018,Guyana,2.2,2.2,2.2,GYD,380.0,0.004788,1.81944,4.860416,-58.93018
376,2016,Guyana,2.4,2.4,2.4,GYD,350.0,0.004788,1.6758,4.860416,-58.93018
377,2014,Guyana,2.7,2.7,2.7,GYD,300.0,0.004788,1.4364,4.860416,-58.93018
378,2012,Guyana,2.9,2.9,2.9,GYD,300.0,0.004788,1.4364,4.860416,-58.93018
379,2010,Guyana,3.2,3.2,3.2,GYD,300.0,0.004788,1.4364,4.860416,-58.93018
380,2008,Guyana,3.8,3.8,3.8,GYD,240.0,0.004788,1.14912,4.860416,-58.93018
381,2018,Iceland,11.0,13.8,13.8,ISK,1359.0,0.0078,10.6002,64.963051,-19.020835
382,2016,Iceland,11.9,15.0,15.0,ISK,1271.0,0.0078,9.9138,64.963051,-19.020835
383,2014,Iceland,13.0,16.4,16.4,ISK,1219.0,0.0078,9.5082,64.963051,-19.020835
384,2012,Iceland,14.1,17.8,17.8,ISK,998.0,0.0078,7.7844,64.963051,-19.020835
385,2010,Iceland,15.4,19.4,19.4,ISK,900.0,0.0078,7.02,64.963051,-19.020835
386,2008,Iceland,17.6,22.1,22.1,ISK,665.0,0.0078,5.186999999999999,64.963051,-19.020835
387,2018,India,12.1,11.8,27.0,INR,190.0,0.013485,2.56215,20.593684,78.96288
388,2016,India,12.2,12.1,28.8,INR,158.0,0.013485,2.13063,20.593684,78.96288
389,2014,India,12.4,2.1,30.6,INR,138.0,0.013485,1.86093,20.593684,78.96288
390,2012,India,12.5,2.6,32.6,INR,98.0,0.013485,1.32153,20.593684,78.96288
391,2010,India,12.7,23.3,34.8,INR,70.0,0.013485,0.94395,20.593684,78.96288
392,2008,India,13.0,23.8,38.5,INR,58.0,0.013485,0.78213,20.593684,78.96288
393,2018,Indonesia,31.1,31.1,5.3,IDR,26250.0,7e-05,1.8375,-0.789275,113.921327
394,2016,Indonesia,30.9,30.9,6.0,IDR,21667.0,7e-05,1.51669,-0.789275,113.921327
395,2014,Indonesia,30.8,30.8,6.8,IDR,18333.0,7e-05,1.28331,-0.789275,113.921327
396,2012,Indonesia,30.8,30.8,69.3,IDR,16667.0,7e-05,1.16669,-0.789275,113.921327
397,2010,Indonesia,30.8,30.8,68.7,IDR,13125.0,7e-05,0.91875,-0.789275,113.921327
398,2008,Indonesia,30.7,30.7,39.3,IDR,12500.0,7e-05,0.8749999999999999,-0.789275,113.921327
399,2018,Iran (Islamic Republic of),16.6,10.6,24.6,IRR,45000.0,2.4e-05,1.08,53.688,32.4279
400,2016,Iran (Islamic Republic of),17.5,11.2,25.5,IRR,18000.0,2.4e-05,0.432,53.688,32.4279
401,2014,Iran (Islamic Republic of),18.1,11.7,26.6,IRR,15000.0,2.4e-05,0.36,53.688,32.4279
402,2012,Iran (Islamic Republic of),10.0,2.1,27.7,IRR,12000.0,2.4e-05,0.288,53.688,32.4279
403,2010,Iran (Islamic Republic of),10.5,2.4,28.9,IRR,4739.0,2.4e-05,0.113736,53.688,32.4279
404,2008,Iran (Islamic Republic of),11.3,25.1,30.7,IRR,4739.0,2.4e-05,0.113736,53.688,32.4279
405,2018,Iraq,14.2,2.4,3.6,IQD,500.0,0.000685,0.3424999999999999,33.223191,43.679291
406,2016,Iraq,14.4,2.8,3.9,IQD,500.0,0.000685,0.3424999999999999,33.223191,43.679291
407,2014,Iraq,14.7,3.2,4.3,IQD,500.0,0.000685,0.3424999999999999,33.223191,43.679291
408,2012,Iraq,2.1,3.7,4.7,IQD,500.0,0.000685,0.3424999999999999,33.223191,43.679291
409,2010,Iraq,2.5,36.3,43.1,IQD,500.0,0.000685,0.3424999999999999,33.223191,43.679291
410,2008,Iraq,28.8,37.1,44.4,IQD,500.0,0.000685,0.3424999999999999,33.223191,43.679291
411,2018,Israel,21.7,25.5,25.5,ILS,36.0,0.311685,11.22066,31.046051,34.851612
412,2016,Israel,22.3,26.0,26.0,ILS,35.6,0.311685,11.095986,31.046051,34.851612
413,2014,Israel,22.7,26.6,26.6,ILS,30.0,0.311685,9.35055,31.046051,34.851612
414,2012,Israel,23.2,27.2,27.2,ILS,23.0,0.311685,7.168755,31.046051,34.851612
415,2010,Israel,23.7,27.8,27.8,ILS,21.0,0.311685,6.545385,31.046051,34.851612
416,2008,Israel,24.6,28.7,28.7,ILS,19.0,0.311685,5.922015,31.046051,34.851612
417,2018,Jamaica,3.4,17.7,17.7,JMD,1223.0,0.006768,8.277263999999999,18.109581,-77.297508
418,2016,Jamaica,3.7,18.7,18.7,JMD,990.3,0.006768,6.702350399999999,18.109581,-77.297508
419,2014,Jamaica,15.9,19.7,19.7,JMD,800.0,0.006768,5.4144,18.109581,-77.297508
420,2012,Jamaica,16.9,20.8,20.8,JMD,660.0,0.006768,4.46688,18.109581,-77.297508
421,2010,Jamaica,17.8,22.1,22.1,JMD,580.0,0.006768,3.92544,18.109581,-77.297508
422,2008,Jamaica,19.4,24.0,24.0,JMD,405.0,0.006768,2.74104,18.109581,-77.297508
423,2018,Japan,21.1,21.9,21.9,JPY,440.0,0.00897,3.9468,36.204824,138.252924
424,2016,Japan,22.1,22.8,22.8,JPY,440.0,0.00897,3.9468,36.204824,138.252924
425,2014,Japan,23.1,23.9,23.9,JPY,430.0,0.00897,3.8571,36.204824,138.252924
426,2012,Japan,24.2,25.1,25.1,JPY,410.0,0.00897,3.6777,36.204824,138.252924
427,2010,Japan,25.4,26.4,26.4,JPY,300.0,0.00897,2.6910000000000003,36.204824,138.252924
428,2008,Japan,27.2,28.3,28.3,JPY,300.0,0.00897,2.6910000000000003,36.204824,138.252924
429,2018,Kazakhstan,39.2,42.2,42.2,KZT,360.0,0.002355,0.8478,48.019573,66.923684
430,2016,Kazakhstan,40.5,43.7,43.7,KZT,290.0,0.002355,0.68295,48.019573,66.923684
431,2014,Kazakhstan,41.8,45.0,45.0,KZT,210.0,0.002355,0.49455,48.019573,66.923684
432,2012,Kazakhstan,42.9,46.3,46.3,KZT,130.0,0.002355,0.30615,48.019573,66.923684
433,2010,Kazakhstan,44.5,47.8,47.8,KZT,100.0,0.002355,0.2355,48.019573,66.923684
434,2008,Kazakhstan,46.8,50.1,50.1,KZT,90.0,0.002355,0.21195,48.019573,66.923684
435,2018,Kuwait,15.0,2.1,3.4,KWD,0.85,3.319902,2.8219167,29.31166,47.481766
436,2016,Kuwait,15.0,2.4,3.6,KWD,0.75,3.319902,2.4899265,29.31166,47.481766
437,2014,Kuwait,15.1,2.7,3.9,KWD,0.75,3.319902,2.4899265,29.31166,47.481766
438,2012,Kuwait,15.2,3.0,4.2,KWD,0.65,3.319902,2.1579363,29.31166,47.481766
439,2010,Kuwait,15.4,3.4,4.5,KWD,0.47,3.319902,1.56035394,29.31166,47.481766
440,2008,Kuwait,2.3,37.0,43.6,KWD,0.47,3.319902,1.56035394,29.31166,47.481766
441,2018,Kyrgyzstan,23.3,3.4,3.4,KGS,66.0,0.011799,0.778734,41.20438,74.766098
442,2016,Kyrgyzstan,3.0,3.5,3.5,KGS,55.0,0.011799,0.648945,41.20438,74.766098
443,2014,Kyrgyzstan,3.1,3.7,3.7,KGS,35.0,0.011799,0.412965,41.20438,74.766098
444,2012,Kyrgyzstan,3.3,3.8,3.8,KGS,24.0,0.011799,0.283176,41.20438,74.766098
445,2010,Kyrgyzstan,3.4,4.0,4.0,KGS,23.0,0.011799,0.271377,41.20438,74.766098
446,2008,Kyrgyzstan,3.7,4.3,4.3,KGS,22.0,0.011799,0.259578,41.20438,74.766098
447,2018,Lao People's Democratic Republic,39.9,48.4,37.8,LAK,7000.0,0.000101,0.707,102.4955,19.8563
448,2016,Lao People's Democratic Republic,41.5,50.3,39.9,LAK,7000.0,0.000101,0.707,102.4955,19.8563
449,2014,Lao People's Democratic Republic,43.3,52.4,42.2,LAK,8000.0,0.000101,0.808,102.4955,19.8563
450,2012,Lao People's Democratic Republic,45.2,54.7,44.4,LAK,6000.0,0.000101,0.606,102.4955,19.8563
451,2010,Lao People's Democratic Republic,47.1,33.8,47.0,LAK,5000.0,0.000101,0.505,102.4955,19.8563
452,2008,Lao People's Democratic Republic,50.2,36.6,51.1,LAK,5000.0,0.000101,0.505,102.4955,19.8563
453,2018,Lebanon,25.9,34.0,42.6,LBP,3500.0,0.000659,2.3065,33.854721,35.862285
454,2016,Lebanon,26.5,34.0,42.6,LBP,3250.0,0.000659,2.14175,33.854721,35.862285
455,2014,Lebanon,27.0,34.0,42.7,LBP,3250.0,0.000659,2.14175,33.854721,35.862285
456,2012,Lebanon,27.7,34.1,42.9,LBP,2750.0,0.000659,1.81225,33.854721,35.862285
457,2010,Lebanon,28.3,34.1,42.9,LBP,2250.0,0.000659,1.48275,33.854721,35.862285
458,2008,Lebanon,29.6,34.4,43.3,LBP,2000.0,0.000659,1.3179999999999998,33.854721,35.862285
459,2018,Madagascar,14.7,20.6,28.9,MGA,4000.0,0.000252,1.008,-18.766947,46.869107
460,2016,Madagascar,15.1,21.0,30.0,MGA,4000.0,0.000252,1.008,-18.766947,46.869107
461,2014,Madagascar,15.3,21.4,31.2,MGA,3000.0,0.000252,0.756,-18.766947,46.869107
462,2012,Madagascar,15.6,21.7,32.5,MGA,2000.0,0.000252,0.504,-18.766947,46.869107
463,2010,Madagascar,15.8,22.2,34.0,MGA,2000.0,0.000252,0.504,-18.766947,46.869107
464,2008,Madagascar,16.4,22.7,36.5,MGA,1400.0,0.000252,0.3528,-18.766947,46.869107
465,2018,Mauritius,3.2,3.7,48.3,MUR,145.0,0.023443,3.399235,-20.348404,57.55215200000001
466,2016,Mauritius,3.3,3.8,49.1,MUR,130.0,0.023443,3.04759,-20.348404,57.55215200000001
467,2014,Mauritius,3.4,3.9,49.9,MUR,125.0,0.023443,2.930375,-20.348404,57.55215200000001
468,2012,Mauritius,3.4,4.0,50.9,MUR,105.0,0.023443,2.461515,-20.348404,57.55215200000001
469,2010,Mauritius,3.5,4.1,52.2,MUR,75.0,0.023443,1.758225,-20.348404,57.55215200000001
470,2008,Mauritius,3.6,4.2,54.1,MUR,65.0,0.023443,1.523795,-20.348404,57.55215200000001
471,2018,Mexico,19.7,21.2,21.2,MXN,50.0,0.049186,2.4593,23.634501,-102.552784
472,2016,Mexico,20.7,22.5,22.5,MXN,47.39,0.049186,2.3309245400000003,23.634501,-102.552784
473,2014,Mexico,21.9,23.8,23.8,MXN,45.0,0.049186,2.21337,23.634501,-102.552784
474,2012,Mexico,23.2,25.2,25.2,MXN,40.0,0.049186,1.96744,23.634501,-102.552784
475,2010,Mexico,24.6,26.7,26.7,MXN,30.0,0.049186,1.47558,23.634501,-102.552784
476,2008,Mexico,26.7,29.0,29.0,MXN,28.0,0.049186,1.377208,23.634501,-102.552784
477,2018,Mongolia,36.8,45.3,49.1,MNT,2000.0,0.000352,0.704,46.862496,103.846656
478,2016,Mongolia,37.8,46.3,50.2,MNT,1700.0,0.000352,0.5983999999999999,46.862496,103.846656
479,2014,Mongolia,38.8,47.7,52.0,MNT,1600.0,0.000352,0.5632,46.862496,103.846656
480,2012,Mongolia,39.7,48.6,53.7,MNT,800.0,0.000352,0.2816,46.862496,103.846656
481,2010,Mongolia,40.8,49.8,55.5,MNT,800.0,0.000352,0.2816,46.862496,103.846656
482,2008,Mongolia,42.6,52.2,57.6,MNT,500.0,0.000352,0.176,46.862496,103.846656
483,2018,Morocco,11.7,13.8,14.7,MAD,20.5,0.110998,2.275459,31.791702,-7.092619999999999
484,2016,Morocco,12.1,14.4,15.5,MAD,20.5,0.110998,2.275459,31.791702,-7.092619999999999
485,2014,Morocco,12.7,15.0,16.4,MAD,19.5,0.110998,2.164461,31.791702,-7.092619999999999
486,2012,Morocco,13.2,15.7,17.1,MAD,17.5,0.110998,1.942465,31.791702,-7.092619999999999
487,2010,Morocco,13.8,16.4,18.0,MAD,17.5,0.110998,1.942465,31.791702,-7.092619999999999
488,2008,Morocco,14.8,17.4,19.4,MAD,17.5,0.110998,1.942465,31.791702,-7.092619999999999
489,2018,Mozambique,11.3,26.7,23.4,MZN,50.0,0.015681,0.78405,-18.665695,35.529562
490,2016,Mozambique,11.8,28.0,24.9,MZN,35.0,0.015681,0.548835,-18.665695,35.529562
491,2014,Mozambique,12.3,29.3,26.7,MZN,30.0,0.015681,0.47043,-18.665695,35.529562
492,2012,Mozambique,2.0,30.7,28.6,MZN,25.0,0.015681,0.392025,-18.665695,35.529562
493,2010,Mozambique,2.1,32.0,30.5,MZN,20.0,0.015681,0.31362,-18.665695,35.529562
494,2008,Mozambique,2.3,34.5,33.7,MZN,15.0,0.015681,0.235215,-18.665695,35.529562
495,2018,Namibia,23.1,34.2,28.4,NAD,50.0,0.066971,3.3485500000000004,-22.95764,18.49041
496,2016,Namibia,22.9,33.7,28.2,NAD,44.0,0.066971,2.946724,-22.95764,18.49041
497,2014,Namibia,22.6,33.2,28.1,NAD,40.0,0.066971,2.67884,-22.95764,18.49041
498,2012,Namibia,22.2,21.4,19.6,NAD,29.49,0.066971,1.97497479,-22.95764,18.49041
499,2010,Namibia,21.9,21.5,20.4,NAD,26.95,0.066971,1.80486845,-22.95764,18.49041
500,2008,Namibia,21.5,21.8,21.9,NAD,23.0,0.066971,1.540333,-22.95764,18.49041
501,2018,Norway,14.6,18.4,13.0,NOK,117.8,0.115529,13.6093162,60.47202399999999,8.468945999999999
502,2016,Norway,16.1,20.2,14.1,NOK,108.6,0.115529,12.5464494,60.47202399999999,8.468945999999999
503,2014,Norway,17.7,22.2,15.4,NOK,97.9,0.115529,11.310289100000002,60.47202399999999,8.468945999999999
504,2012,Norway,19.4,24.4,16.7,NOK,87.5,0.115529,10.1087875,60.47202399999999,8.468945999999999
505,2010,Norway,21.3,26.8,18.2,NOK,81.0,0.115529,9.357849,60.47202399999999,8.468945999999999
506,2008,Norway,24.5,30.8,20.7,NOK,71.0,0.115529,8.202559,60.47202399999999,8.468945999999999
507,2018,Oman,11.5,15.2,18.5,OMR,1.2,2.593841,3.1126092,21.4735329,55.975413
508,2016,Oman,11.4,15.0,18.5,OMR,1.0,2.593841,2.593841,21.4735329,55.975413
509,2014,Oman,11.2,14.8,18.3,OMR,0.9,2.593841,2.3344569,21.4735329,55.975413
510,2012,Oman,11.0,14.6,18.2,OMR,0.9,2.593841,2.3344569,21.4735329,55.975413
511,2010,Oman,10.9,14.4,18.2,OMR,0.65,2.593841,1.68599665,21.4735329,55.975413
512,2008,Oman,10.7,14.2,18.1,OMR,0.6,2.593841,1.5563045999999998,21.4735329,55.975413
513,2018,Pakistan,2.2,3.0,33.6,PKR,48.0,0.005879,0.282192,30.375321,69.34511599999999
514,2016,Pakistan,2.5,3.4,35.8,PKR,67.0,0.005879,0.393893,30.375321,69.34511599999999
515,2014,Pakistan,2.8,3.8,37.9,PKR,47.0,0.005879,0.276313,30.375321,69.34511599999999
516,2012,Pakistan,28.8,37.7,40.4,PKR,33.0,0.005879,0.1940069999999999,30.375321,69.34511599999999
517,2010,Pakistan,28.8,37.7,27.1,PKR,28.1,0.005879,0.1651999,30.375321,69.34511599999999
518,2008,Pakistan,28.9,37.6,30.7,PKR,18.4,0.005879,0.1081735999999999,30.375321,69.34511599999999
519,2018,Panama,5.0,5.7,2.7,PAB,4.5,0.999784,4.499028,8.537981,-80.782127
520,2016,Panama,5.5,2.3,3.0,PAB,4.25,0.999784,4.249082,8.537981,-80.782127
521,2014,Panama,2.2,2.5,3.2,PAB,4.25,0.999784,4.249082,8.537981,-80.782127
522,2012,Panama,2.4,2.8,3.6,PAB,3.73,0.999784,3.72919432,8.537981,-80.782127
523,2010,Panama,2.7,3.1,16.4,USD,3.25,1.0,3.25,8.537981,-80.782127
524,2008,Panama,3.1,16.5,19.1,USD,1.96,1.0,1.96,8.537981,-80.782127
525,2018,Paraguay,17.3,20.8,20.8,PYG,2000.0,0.000146,0.292,-23.442503,-58.443832
526,2016,Paraguay,18.9,22.6,22.6,PYG,2000.0,0.000146,0.292,-23.442503,-58.443832
527,2014,Paraguay,20.4,24.6,24.6,PYG,1500.0,0.000146,0.219,-23.442503,-58.443832
528,2012,Paraguay,22.2,26.7,26.7,PYG,1500.0,0.000146,0.219,-23.442503,-58.443832
529,2010,Paraguay,24.2,29.1,29.1,PYG,1300.0,0.000146,0.1898,-23.442503,-58.443832
530,2008,Paraguay,27.5,32.9,32.9,PYG,1000.0,0.000146,0.146,-23.442503,-58.443832
531,2018,Peru,3.1,3.6,3.6,PEN,16.0,0.24239,3.87824,-9.189967,-75.015152
532,2016,Peru,16.4,17.9,17.9,PEN,10.5,0.24239,2.545095,-9.189967,-75.015152
533,2014,Peru,18.7,20.4,20.4,PEN,6.2,0.24239,1.502818,-9.189967,-75.015152
534,2012,Peru,21.4,23.4,23.4,PEN,5.2,0.24239,1.260428,-9.189967,-75.015152
535,2010,Peru,24.5,26.8,26.8,PEN,4.5,0.24239,1.090755,-9.189967,-75.015152
536,2008,Peru,30.2,33.0,33.0,PEN,4.0,0.24239,0.96956,-9.189967,-75.015152
537,2018,Philippines,37.7,41.6,41.6,PHP,57.75,0.019612,1.132593,12.879721,121.774017
538,2016,Philippines,39.0,42.7,42.7,PHP,40.5,0.019612,0.794286,12.879721,121.774017
539,2014,Philippines,40.5,44.3,44.3,PHP,26.75,0.019612,0.524621,12.879721,121.774017
540,2012,Philippines,42.0,46.0,46.0,PHP,15.0,0.019612,0.29418,12.879721,121.774017
541,2010,Philippines,43.6,47.8,47.8,PHP,13.95,0.019612,0.2735874,12.879721,121.774017
542,2008,Philippines,46.0,30.5,30.5,PHP,12.23,0.019612,0.23985476,12.879721,121.774017
543,2018,Poland,24.3,26.0,26.0,PLN,15.5,0.252176,3.908728,51.919438,19.145136
544,2016,Poland,25.4,27.4,27.4,PLN,14.7,0.252176,3.7069872,51.919438,19.145136
545,2014,Poland,26.7,28.6,28.6,PLN,13.7,0.252176,3.4548112,51.919438,19.145136
546,2012,Poland,28.0,30.1,30.1,PLN,11.6,0.252176,2.9252416,51.919438,19.145136
547,2010,Poland,29.4,31.6,31.6,PLN,7.95,0.252176,2.0047992000000003,51.919438,19.145136
548,2008,Poland,31.8,34.1,34.1,PLN,5.75,0.252176,1.450012,51.919438,19.145136
549,2018,Qatar,10.2,11.8,14.0,QAR,10.0,0.276283,2.76283,25.354826,51.183884
550,2016,Qatar,10.2,11.9,14.1,QAR,10.0,0.276283,2.76283,25.354826,51.183884
551,2014,Qatar,10.1,12.0,14.3,QAR,10.0,0.276283,2.76283,25.354826,51.183884
552,2012,Qatar,10.1,12.3,14.3,QAR,9.0,0.276283,2.486547,25.354826,51.183884
553,2010,Qatar,10.1,12.4,14.5,QAR,6.0,0.276283,1.657698,25.354826,51.183884
554,2008,Qatar,10.1,12.7,14.9,QAR,6.0,0.276283,1.657698,25.354826,51.183884
555,2018,Republic of Korea,36.2,38.2,38.2,KRW,4500.0,0.000842,3.789,127.7669,35.9078
556,2016,Republic of Korea,38.1,40.5,40.5,KRW,4500.0,0.000842,3.789,127.7669,35.9078
557,2014,Republic of Korea,40.3,42.7,42.7,KRW,2500.0,0.000842,2.105,127.7669,35.9078
558,2012,Republic of Korea,42.6,45.2,45.2,KRW,2500.0,0.000842,2.105,127.7669,35.9078
559,2010,Republic of Korea,45.0,47.4,47.4,KRW,2500.0,0.000842,2.105,127.7669,35.9078
560,2008,Republic of Korea,48.9,51.7,51.7,KRW,2500.0,0.000842,2.105,127.7669,35.9078
561,2018,Republic of Moldova,40.1,44.6,44.6,MDL,28.0,0.056758,1.5892240000000002,28.3699,47.4116
562,2016,Republic of Moldova,40.1,44.3,44.3,MDL,20.0,0.056758,1.13516,28.3699,47.4116
563,2014,Republic of Moldova,40.0,44.2,44.2,MDL,15.0,0.056758,0.8513700000000001,28.3699,47.4116
564,2012,Republic of Moldova,39.6,44.2,44.2,MDL,13.0,0.056758,0.737854,28.3699,47.4116
565,2010,Republic of Moldova,39.6,44.0,44.0,MDL,9.0,0.056758,0.510822,28.3699,47.4116
566,2008,Republic of Moldova,39.3,43.8,43.8,MDL,6.0,0.056758,0.340548,28.3699,47.4116
567,2018,Romania,22.8,25.5,25.5,RON,17.5,0.236175,4.1330625,45.943161,24.96676
568,2016,Romania,24.1,26.8,26.8,RON,16.0,0.236175,3.7788,45.943161,24.96676
569,2014,Romania,25.4,28.3,28.3,RON,14.5,0.236175,3.4245375,45.943161,24.96676
570,2012,Romania,26.8,29.8,29.8,RON,13.5,0.236175,3.1883625,45.943161,24.96676
571,2010,Romania,28.4,31.6,31.6,RON,9.9,0.236175,2.3381325,45.943161,24.96676
572,2008,Romania,30.8,34.4,34.4,RON,6.5,0.236175,1.5351375,45.943161,24.96676
573,2018,Russian Federation,27.7,28.3,28.3,RUB,125.0,0.013731,1.716375,105.3188,61.524
574,2016,Russian Federation,28.3,28.7,28.7,RUB,105.0,0.013731,1.441755,105.3188,61.524
575,2014,Russian Federation,28.9,29.3,29.3,RUB,67.0,0.013731,0.919977,105.3188,61.524
576,2012,Russian Federation,29.4,29.9,29.9,RUB,44.0,0.013731,0.604164,105.3188,61.524
577,2010,Russian Federation,30.1,30.6,30.6,RUB,31.0,0.013731,0.425661,105.3188,61.524
578,2008,Russian Federation,30.9,31.5,31.5,RUB,25.0,0.013731,0.343275,105.3188,61.524
579,2018,Rwanda,12.9,18.5,19.7,RWF,650.0,0.000992,0.6448,-1.940278,29.873888
580,2016,Rwanda,13.5,19.5,20.4,RWF,650.0,0.000992,0.6448,-1.940278,29.873888
581,2014,Rwanda,14.1,20.5,21.3,RWF,650.0,0.000992,0.6448,-1.940278,29.873888
582,2012,Rwanda,14.9,21.3,22.2,RWF,600.0,0.000992,0.5952000000000001,-1.940278,29.873888
583,2010,Rwanda,15.7,22.7,23.1,RWF,500.0,0.000992,0.496,-1.940278,29.873888
584,2008,Rwanda,16.9,24.3,24.6,RWF,500.0,0.000992,0.496,-1.940278,29.873888
585,2018,Samoa,23.1,28.9,28.9,WST,13.4,0.390717,5.2356078,-13.759029,-172.104629
586,2016,Samoa,24.1,29.9,29.9,WST,11.5,0.390717,4.4932455,-13.759029,-172.104629
587,2014,Samoa,25.0,31.0,31.0,WST,9.5,0.390717,3.7118115,-13.759029,-172.104629
588,2012,Samoa,26.0,32.3,32.3,WST,8.6,0.390717,3.3601662,-13.759029,-172.104629
589,2010,Samoa,27.1,33.5,33.5,WST,8.0,0.390717,3.125736,-13.759029,-172.104629
590,2008,Samoa,28.7,35.6,35.6,WST,7.8,0.390717,3.0475926,-13.759029,-172.104629
591,2018,Sao Tome and Principe,4.1,4.5,5.4,STN,25.0,0.046975,1.1743750000000002,6.6131,0.1864
592,2018,Saudi Arabia,18.6,12.7,2.0,SAR,27.5,0.266681,7.3337275,23.885942,45.079162
593,2016,Saudi Arabia,18.4,12.7,2.2,SAR,12.0,0.266681,3.200172,23.885942,45.079162
594,2014,Saudi Arabia,18.2,12.7,2.4,SAR,10.0,0.266681,2.66681,23.885942,45.079162
595,2012,Saudi Arabia,17.9,12.7,2.6,SAR,9.0,0.266681,2.400129,23.885942,45.079162
596,2010,Saudi Arabia,17.8,2.2,2.9,SAR,7.0,0.266681,1.866767,23.885942,45.079162
597,2008,Saudi Arabia,2.1,2.9,3.3,SAR,6.0,0.266681,1.600086,23.885942,45.079162
598,2018,Serbia,36.2,40.6,40.6,RSD,250.0,0.009941,2.48525,44.016521,21.005859
599,2016,Serbia,36.5,41.2,41.2,RSD,220.0,0.009941,2.18702,44.016521,21.005859
600,2014,Serbia,37.0,41.7,41.7,RSD,170.0,0.009941,1.68997,44.016521,21.005859
601,2012,Serbia,37.5,42.2,42.2,RSD,110.0,0.009941,1.09351,44.016521,21.005859
602,2010,Serbia,38.0,42.7,42.7,RSD,75.0,0.009941,0.745575,44.016521,21.005859
603,2008,Serbia,38.8,43.6,43.6,RSD,70.0,0.009941,0.69587,44.016521,21.005859
604,2018,Seychelles,31.0,35.3,35.3,SCR,117.0,0.075113,8.788221,-4.679574,55.491977
605,2016,Seychelles,31.4,35.9,36.0,SCR,105.0,0.075113,7.886865,-4.679574,55.491977
606,2014,Seychelles,31.8,36.5,36.6,SCR,75.0,0.075113,5.633475,-4.679574,55.491977
607,2012,Seychelles,32.5,37.3,37.3,SCR,75.0,0.075113,5.633475,-4.679574,55.491977
608,2010,Seychelles,33.2,37.9,38.1,SCR,74.0,0.075113,5.558362,-4.679574,55.491977
609,2008,Seychelles,34.1,38.8,39.5,SCR,66.0,0.075113,4.957458,-4.679574,55.491977
610,2018,Sierra Leone,29.1,31.0,31.0,SLL,5000.0,9.5e-05,0.475,8.460555,-11.779889
611,2016,Sierra Leone,30.4,32.6,32.6,SLL,3500.0,9.5e-05,0.3325,8.460555,-11.779889
612,2014,Sierra Leone,31.5,22.5,22.5,SLL,3500.0,9.5e-05,0.3325,8.460555,-11.779889
613,2012,Sierra Leone,32.9,24.0,24.0,SLL,2400.0,9.5e-05,0.228,8.460555,-11.779889
614,2010,Sierra Leone,34.2,25.7,25.7,SLL,1600.0,9.5e-05,0.152,8.460555,-11.779889
615,2008,Sierra Leone,36.6,28.6,28.6,SLL,1600.0,9.5e-05,0.152,8.460555,-11.779889
616,2018,Singapore,25.0,27.8,27.8,SGD,14.1,0.73699,10.391559,1.352083,103.819836
617,2016,Singapore,24.8,27.9,27.9,SGD,13.0,0.73699,9.58087,1.352083,103.819836
618,2014,Singapore,24.8,27.8,27.8,SGD,13.0,0.73699,9.58087,1.352083,103.819836
619,2012,Singapore,24.8,27.7,27.7,SGD,11.9,0.73699,8.770181000000001,1.352083,103.819836
620,2010,Singapore,24.7,27.7,27.7,SGD,11.6,0.73699,8.549084,1.352083,103.819836
621,2008,Singapore,24.6,27.5,27.5,SGD,11.6,0.73699,8.549084,1.352083,103.819836
622,2016,Botswana,25.8,33.1,24.3,BWP,33.33,0.088446,2.94790518,-22.328474,24.684866
623,2014,Botswana,25.7,32.8,24.9,BWP,27.33,0.088446,2.41722918,-22.328474,24.684866
624,2012,Botswana,25.4,32.5,25.6,BWP,25.0,0.088446,2.21115,-22.328474,24.684866
625,2010,Botswana,25.3,32.1,26.4,BWP,18.0,0.088446,1.592028,-22.328474,24.684866
626,2008,Botswana,24.9,31.8,27.7,BWP,17.5,0.088446,1.547805,-22.328474,24.684866
627,2016,Burundi,14.9,2.3,19.6,BIF,1600.0,0.000503,0.8048,-3.373056,29.918886
628,2014,Burundi,15.5,18.4,20.5,BIF,1600.0,0.000503,0.8048,-3.373056,29.918886
629,2012,Burundi,16.2,19.1,21.4,BIF,800.0,0.000503,0.4024,-3.373056,29.918886
630,2010,Burundi,17.0,2.7,22.3,BIF,800.0,0.000503,0.4024,-3.373056,29.918886
631,2008,Burundi,18.1,21.3,23.9,BIF,600.0,0.000503,0.3017999999999999,-3.373056,29.918886
632,2016,Cameroon,14.9,14.9,17.5,XAF,500.0,0.001782,0.891,7.369721999999999,12.354722
633,2014,Cameroon,14.9,14.9,17.5,XAF,500.0,0.001782,0.891,7.369721999999999,12.354722
634,2012,Cameroon,14.9,14.9,17.5,XAF,500.0,0.001782,0.891,7.369721999999999,12.354722
635,2010,Cameroon,15.0,15.0,17.5,XAF,500.0,0.001782,0.891,7.369721999999999,12.354722
636,2008,Cameroon,15.2,15.2,2.0,XAF,500.0,0.001782,0.891,7.369721999999999,12.354722
637,2016,Timor-Leste,5.0,39.9,39.9,USD,1.5,1.0,1.5,-8.874217,125.727539
638,2014,Timor-Leste,5.3,41.8,41.8,USD,1.25,1.0,1.25,-8.874217,125.727539
639,2012,Timor-Leste,5.5,43.7,43.7,USD,1.25,1.0,1.25,-8.874217,125.727539
640,2010,Timor-Leste,5.8,45.6,45.6,USD,1.25,1.0,1.25,-8.874217,125.727539
641,2008,Timor-Leste,6.4,48.5,48.5,USD,1.0,1.0,1.0,-8.874217,125.727539
642,2016,United States of America,17.9,20.8,25.7,USD,6.43,1.0,6.43,-95.7129,37.0902
643,2014,United States of America,18.5,21.7,26.4,USD,6.23,1.0,6.23,-95.7129,37.0902
644,2012,United States of America,19.5,22.6,27.2,USD,6.07,1.0,6.07,-95.7129,37.0902
645,2010,United States of America,20.3,23.6,27.9,USD,5.72,1.0,5.72,-95.7129,37.0902
646,2008,United States of America,21.5,25.1,29.1,USD,4.58,1.0,4.58,-95.7129,37.0902
647,2016,Eritrea,4.9,11.7,15.0,ERN,100.0,0.066693,6.6693,15.179384,39.782334
648,2014,Eritrea,10.1,12.3,16.0,ERN,60.0,0.066693,4.001580000000001,15.179384,39.782334
649,2012,Eritrea,10.5,12.9,17.0,ERN,40.0,0.066693,2.66772,15.179384,39.782334
650,2010,Eritrea,11.1,13.5,18.0,ERN,30.0,0.066693,2.0007900000000003,15.179384,39.782334
651,2008,Eritrea,11.9,14.5,10.2,ERN,25.0,0.066693,1.667325,15.179384,39.782334
652,2016,Eswatini,15.1,16.3,19.1,SZL,36.0,0.066486,2.3934960000000003,-26.522503,31.465866
653,2014,Eswatini,15.1,16.3,19.0,SZL,35.0,0.066486,2.32701,-26.522503,31.465866
654,2010,Eswatini,14.9,2.1,18.9,SZL,27.5,0.066486,1.828365,-26.522503,31.465866
655,2008,Eswatini,15.0,2.4,18.8,SZL,27.5,0.066486,1.828365,-26.522503,31.465866
656,2016,Ethiopia,3.0,3.5,4.8,ETB,15.0,0.0216,0.324,9.145,40.489673
657,2014,Ethiopia,3.1,3.6,5.0,ETB,15.0,0.0216,0.324,9.145,40.489673
658,2012,Ethiopia,3.2,3.8,5.2,ETB,8.0,0.0216,0.1728,9.145,40.489673
659,2010,Ethiopia,3.4,4.0,5.5,ETB,7.0,0.0216,0.1512,9.145,40.489673
660,2008,Ethiopia,3.6,4.2,10.5,ETB,4.35,0.0216,0.09396,9.145,40.489673
661,2016,Kenya,17.2,10.8,21.8,KES,130.0,0.009055,1.17715,-0.023559,37.906193
662,2014,Kenya,18.1,11.3,22.9,KES,100.0,0.009055,0.9055,-0.023559,37.906193
663,2012,Kenya,18.9,11.9,24.0,KES,90.0,0.009055,0.8149500000000001,-0.023559,37.906193
664,2010,Kenya,10.2,12.5,25.1,KES,100.0,0.009055,0.9055,-0.023559,37.906193
665,2008,Kenya,11.0,13.6,27.1,KES,80.0,0.009055,0.7244,-0.023559,37.906193
666,2016,Liberia,13.8,14.1,2.0,LRD,60.0,0.00585,0.351,6.428055,-9.429499000000002
667,2014,Liberia,14.1,14.7,2.3,LRD,60.0,0.00585,0.351,6.428055,-9.429499000000002
668,2012,Liberia,14.5,15.4,2.7,LRD,65.0,0.00585,0.38025,6.428055,-9.429499000000002
669,2010,Liberia,15.0,16.0,17.7,LRD,50.0,0.00585,0.2925,6.428055,-9.429499000000002
670,2008,Liberia,15.8,2.1,18.9,LRD,50.0,0.00585,0.2925,6.428055,-9.429499000000002
671,2016,Myanmar,2.7,38.4,46.8,MMK,850.0,0.000535,0.45475,95.956,21.9162
672,2014,Myanmar,3.2,40.1,48.8,MMK,650.0,0.000535,0.34775,95.956,21.9162
673,2012,Myanmar,3.8,42.3,50.5,MMK,650.0,0.000535,0.34775,95.956,21.9162
674,2010,Myanmar,36.6,44.7,52.5,MMK,650.0,0.000535,0.34775,95.956,21.9162
675,2008,Myanmar,39.7,29.9,55.4,MMK,1050.0,0.000535,0.56175,95.956,21.9162
676,2016,Nepal,30.2,34.3,34.3,NPR,180.0,0.008448,1.5206400000000002,28.394857,84.12400799999999
677,2014,Nepal,20.9,23.5,37.0,NPR,132.0,0.008448,1.115136,28.394857,84.12400799999999
678,2012,Nepal,22.5,25.3,40.0,NPR,95.0,0.008448,0.80256,28.394857,84.12400799999999
679,2010,Nepal,24.2,27.3,43.4,NPR,85.0,0.008448,0.71808,28.394857,84.12400799999999
680,2008,Nepal,27.4,30.8,49.0,NPR,65.0,0.008448,0.54912,28.394857,84.12400799999999
681,2016,Nigeria,3.8,4.3,5.0,NGN,220.0,0.002436,0.53592,9.081999,8.675277
682,2014,Nigeria,3.9,4.5,5.2,NGN,220.0,0.002436,0.53592,9.081999,8.675277
683,2012,Nigeria,4.1,4.7,10.1,NGN,200.0,0.002436,0.4871999999999999,9.081999,8.675277
684,2010,Nigeria,4.2,4.9,10.5,NGN,200.0,0.002436,0.4871999999999999,9.081999,8.675277
685,2008,Nigeria,4.5,5.2,11.2,NGN,180.0,0.002436,0.43848,9.081999,8.675277
686,2014,Lesotho,20.5,26.3,49.8,LSL,34.99,0.066232,2.31745768,-29.609988,28.233608
687,2012,Lesotho,19.1,24.5,47.6,LSL,32.0,0.066232,2.119424,-29.609988,28.233608
688,2010,Lesotho,17.9,23.0,45.3,LSL,28.0,0.066232,1.854496,-29.609988,28.233608
689,2008,Lesotho,16.3,20.8,42.5,LSL,22.0,0.066232,1.457104,-29.609988,28.233608
