,Year,Location,CigaretteSmokingPrevalence,TobaccoSmokingPrevalence,TobaccoUsePrevalance,MostSoldBrandCigaretteCurrency,MostSoldBrandCigarettePrice,rates,MostSoldUSD
0,2018,Albania,43.3,50.5,50.5,All,240.0,0.00961,2.3064
1,2018,Algeria,11.1,14.5,18.8,DZD,300.0,0.00733,2.199
2,2018,Andorra,27.7,33.8,33.8,EUR,3.6,1.168889,4.2080004
3,2018,Austria,27.0,29.1,29.1,EUR,5.5,1.168889,6.4288895
4,2018,Belgium,23.4,25.0,25.0,EUR,6.6,1.168889,7.7146674
5,2018,Cyprus,29.9,36.7,36.7,EUR,4.5,1.168889,5.2600005
6,2018,Estonia,27.5,30.5,30.5,EUR,4.25,1.168889,4.96777825
7,2018,Finland,17.3,19.7,19.7,EUR,7.22,1.168889,8.43937858
8,2018,France,31.5,34.6,34.6,EUR,8.0,1.168889,9.351112
9,2018,Germany,26.0,28.0,28.0,EUR,6.4,1.168889,7.480889600000001
10,2018,Greece,35.6,39.1,39.1,EUR,4.6,1.168889,5.3768894
11,2018,Ireland,21.1,23.6,23.6,EUR,12.2,1.168889,14.2604458
12,2018,Italy,22.8,23.4,23.4,EUR,5.5,1.168889,6.4288895
13,2018,Latvia,32.4,36.7,36.7,EUR,3.5,1.168889,4.0911115
14,2018,Lithuania,24.7,27.1,27.1,EUR,3.75,1.168889,4.38333375
15,2018,Luxembourg,19.8,21.7,21.7,EUR,5.3,1.168889,6.1951117
16,2018,Malta,22.4,25.1,25.1,EUR,5.5,1.168889,6.4288895
17,2018,Netherlands,20.1,23.4,23.4,EUR,7.0,1.168889,8.182223
18,2018,Portugal,24.8,27.9,27.9,EUR,5.0,1.168889,5.844445
19,2018,Slovakia,27.0,32.3,32.3,EUR,3.3,1.168889,3.8573337
20,2018,Slovenia,20.9,22.7,22.7,EUR,3.7,1.168889,4.324889300000001
21,2018,Spain,25.9,27.9,27.9,EUR,5.0,1.168889,5.844445
22,2018,Argentina,19.2,21.1,21.8,ARS,60.0,0.010153,0.60918
23,2018,Armenia,25.0,26.7,26.7,AMD,680.0,0.002035,1.3838
24,2018,Australia,12.9,14.1,16.2,AUD,20.75,0.724257,15.02833275
25,2018,Kiribati,41.7,52.0,52.0,AUD,6.0,0.724257,4.345542
26,2018,Nauru,37.6,46.0,52.1,AUD,13.0,0.724257,9.415341
27,2018,Tuvalu,30.6,37.4,48.7,AUD,6.0,0.724257,4.345542
28,2018,Azerbaijan,15.6,19.6,19.6,AZN,1.2,0.588322,0.7059864
29,2018,Bangladesh,17.7,20.9,39.1,BDT,80.0,0.011682,0.93456
30,2018,Barbados,10.1,2.0,2.3,BBD,14.65,0.500221,7.32823765
31,2018,Belarus,39.9,26.6,26.6,BYN,1.1,0.401164,0.4412804000000001
32,2018,Benin,4.1,11.3,12.4,XOF,500.0,0.001782,0.891
33,2018,Burkina Faso,10.0,12.3,24.9,XOF,750.0,0.001782,1.3365
34,2018,Côte d’Ivoire,10.1,12.4,13.0,XOF,700.0,0.001782,1.2474
35,2018,Mali,18.1,12.0,12.0,XOF,800.0,0.001782,1.4256
36,2018,Niger,12.6,14.3,16.3,XOF,500.0,0.001782,0.891
37,2018,Senegal,12.5,14.5,17.4,XOF,700.0,0.001782,1.2474
38,2018,Togo,10.2,13.5,13.5,XOF,600.0,0.001782,1.0692
39,2018,Bosnia and Herzegovina,30.9,38.3,38.3,BAM,5.5,0.597667,3.2871685
40,2018,Brazil,15.3,17.2,16.5,BRL,5.0,0.184339,0.921695
41,2018,Cambodia,16.1,2.0,37.4,KHR,2000.0,0.000244,0.488
42,2018,Chad,12.3,17.9,2.3,XAF,1000.0,0.001782,1.782
43,2018,Congo,12.2,12.7,2.0,XAF,650.0,0.001782,1.1582999999999999
44,2018,Canada,12.5,13.0,17.5,CAD,11.81,0.78862,9.3136022
45,2018,Chile,34.5,44.7,44.7,CLP,2700.0,0.001248,3.3696
46,2018,China,22.6,24.7,24.7,CNY,14.07,0.154878,2.17913346
47,2018,Colombia,3.3,3.7,3.7,COP,4003.0,0.00026,1.0407799999999998
48,2018,Comoros,18.8,22.8,29.9,KMF,750.0,0.002373,1.7797500000000002
49,2018,Cook Islands,21.3,26.6,26.6,NZD,24.0,0.696079,16.705896
50,2018,New Zealand,14.0,14.8,14.8,NZD,23.9,0.696079,16.636288099999998
51,2018,Costa Rica,4.5,5.0,5.0,CRC,1900.0,0.001599,3.0381
52,2018,Croatia,33.1,36.6,36.6,HRK,25.0,0.155857,3.896425
53,2018,Cuba,19.4,27.1,27.1,CUP,12.5,0.038857,0.48571250000000005
54,2018,Czechia,26.9,31.5,31.5,CZK,94.0,0.045853,4.310182
55,2018,Democratic People's Republic of Korea,15.5,18.8,18.8,KPW,229.0,0.001112,0.254648
56,2018,Denmark,16.8,18.6,18.6,DKK,44.5,0.157227,6.996601500000001
57,2018,Dominican Republic,4.8,7.5,7.5,DOP,200.0,0.017748,3.5496
58,2018,Egypt,18.2,21.3,21.4,EGP,16.0,0.06371,1.01936
59,2018,El Salvador,15.3,18.4,2.5,USD,2.89,1.0,2.89
60,2018,Palau,22.7,28.5,23.7,USD,6.85,1.0,6.85
61,2018,Zimbabwe,11.1,13.9,13.9,USD,1.75,1.0,1.75
62,2018,Fiji,34.6,26.7,26.7,FJD,14.2,0.476915,6.772193
63,2018,Gambia,11.4,15.2,14.4,GMD,60.0,0.019428,1.16568
64,2018,Georgia,4.8,5.2,5.2,GEL,3.7,0.321734,1.1904158
65,2018,Ghana,2.6,3.5,3.7,GHS,4.99,0.165981,0.82824519
66,2018,Guyana,2.2,2.2,2.2,GYD,380.0,0.004788,1.81944
67,2018,Iceland,11.0,13.8,13.8,ISK,1359.0,0.0078,10.6002
68,2018,India,12.1,11.8,27.0,INR,190.0,0.013485,2.56215
69,2018,Indonesia,31.1,31.1,5.3,IDR,26250.0,7e-05,1.8375
70,2018,Iran (Islamic Republic of),16.6,10.6,24.6,IRR,45000.0,2.4e-05,1.08
71,2018,Iraq,14.2,2.4,3.6,IQD,500.0,0.000685,0.34249999999999997
72,2018,Israel,21.7,25.5,25.5,ILS,36.0,0.311685,11.220659999999999
73,2018,Jamaica,3.4,17.7,17.7,JMD,1223.0,0.006768,8.277263999999999
74,2018,Japan,21.1,21.9,21.9,JPY,440.0,0.00897,3.9468
75,2018,Kazakhstan,39.2,42.2,42.2,KZT,360.0,0.002355,0.8478
76,2018,Kuwait,15.0,2.1,3.4,KWD,0.85,3.319902,2.8219167
77,2018,Kyrgyzstan,23.3,3.4,3.4,KGS,66.0,0.011799,0.778734
78,2018,Lao People's Democratic Republic,39.9,48.4,37.8,LAK,7000.0,0.000101,0.707
79,2018,Lebanon,25.9,34.0,42.6,LBP,3500.0,0.000659,2.3064999999999998
80,2018,Madagascar,14.7,20.6,28.9,MGA,4000.0,0.000252,1.008
81,2018,Mauritius,3.2,3.7,48.3,MUR,145.0,0.023443,3.399235
82,2018,Mexico,19.7,21.2,21.2,MXN,50.0,0.049186,2.4593
83,2018,Mongolia,36.8,45.3,49.1,MNT,2000.0,0.000352,0.704
84,2018,Morocco,11.7,13.8,14.7,MAD,20.5,0.110998,2.275459
85,2018,Mozambique,11.3,26.7,23.4,MZN,50.0,0.015681,0.78405
86,2018,Namibia,23.1,34.2,28.4,NAD,50.0,0.066971,3.3485500000000004
87,2018,Norway,14.6,18.4,13.0,NOK,117.8,0.115529,13.6093162
88,2018,Oman,11.5,15.2,18.5,OMR,1.2,2.593841,3.1126091999999996
89,2018,Pakistan,2.2,3.0,33.6,PKR,48.0,0.005879,0.282192
90,2018,Panama,5.0,5.7,2.7,PAB,4.5,0.999784,4.499028
91,2018,Paraguay,17.3,20.8,20.8,PYG,2000.0,0.000146,0.292
92,2018,Peru,3.1,3.6,3.6,PEN,16.0,0.24239,3.87824
93,2018,Philippines,37.7,41.6,41.6,PHP,57.75,0.019612,1.132593
94,2018,Poland,24.3,26.0,26.0,PLN,15.5,0.252176,3.908728
95,2018,Qatar,10.2,11.8,14.0,QAR,10.0,0.276283,2.76283
96,2018,Republic of Korea,36.2,38.2,38.2,KRW,4500.0,0.000842,3.7889999999999997
97,2018,Republic of Moldova,40.1,44.6,44.6,MDL,28.0,0.056758,1.5892240000000002
98,2018,Romania,22.8,25.5,25.5,RON,17.5,0.236175,4.1330625
99,2018,Russian Federation,27.7,28.3,28.3,RUB,125.0,0.013731,1.716375
100,2018,Rwanda,12.9,18.5,19.7,RWF,650.0,0.000992,0.6448
101,2018,Samoa,23.1,28.9,28.9,WST,13.4,0.390717,5.2356077999999995
102,2018,Sao Tome and Principe,4.1,4.5,5.4,STN,25.0,0.046975,1.1743750000000002
103,2018,Saudi Arabia,18.6,12.7,2.0,SAR,27.5,0.266681,7.3337275
104,2018,Serbia,36.2,40.6,40.6,RSD,250.0,0.009941,2.48525
105,2018,Seychelles,31.0,35.3,35.3,SCR,117.0,0.075113,8.788221
106,2018,Sierra Leone,29.1,31.0,31.0,SLL,5000.0,9.5e-05,0.47500000000000003
107,2018,Singapore,25.0,27.8,27.8,SGD,14.1,0.73699,10.391559
108,2016,Albania,43.7,51.1,51.1,All,230.0,0.00961,2.2103
109,2016,Algeria,11.2,14.7,19.1,DZD,210.0,0.00733,1.5393
110,2016,Andorra,27.9,33.9,33.9,EUR,3.5,1.168889,4.0911115
111,2016,Austria,28.5,30.7,30.7,EUR,5.0,1.168889,5.844445
112,2016,Belgium,23.8,25.5,25.5,EUR,6.32,1.168889,7.387378480000001
113,2016,Cyprus,30.4,37.1,37.1,EUR,4.2,1.168889,4.909333800000001
114,2016,Estonia,28.3,31.5,31.5,EUR,3.8,1.168889,4.4417782
115,2016,Finland,18.1,20.4,20.4,EUR,6.12,1.168889,7.15360068
116,2016,France,31.5,34.6,34.6,EUR,7.0,1.168889,8.182223
117,2016,Germany,26.5,28.6,28.6,EUR,6.0,1.168889,7.013334
118,2016,Greece,36.5,40.2,40.2,EUR,4.0,1.168889,4.675556
119,2016,Ireland,22.1,24.6,24.6,EUR,10.8,1.168889,12.624001200000002
120,2016,Italy,23.1,23.6,23.6,EUR,5.2,1.168889,6.078222800000001
121,2016,Latvia,32.8,37.1,37.1,EUR,3.0,1.168889,3.506667
122,2016,Lithuania,25.4,28.0,28.0,EUR,3.1,1.168889,3.6235559000000004
123,2016,Luxembourg,20.4,22.5,22.5,EUR,5.2,1.168889,6.078222800000001
124,2016,Malta,23.1,25.9,25.9,EUR,5.3,1.168889,6.1951117
125,2016,Netherlands,20.8,24.3,24.3,EUR,6.63,1.168889,7.749734070000001
126,2016,Portugal,24.5,27.5,27.5,EUR,4.8,1.168889,5.6106672
127,2016,Slovakia,27.0,32.1,32.1,EUR,3.1,1.168889,3.6235559000000004
128,2016,Slovenia,21.2,23.0,23.0,EUR,3.5,1.168889,4.0911115
129,2016,Spain,26.7,28.8,28.8,EUR,4.85,1.168889,5.66911165
130,2016,Argentina,20.5,22.7,23.6,ARS,40.0,0.010153,0.40612000000000004
131,2016,Armenia,25.8,27.5,27.5,AMD,600.0,0.002035,1.2209999999999999
132,2016,Australia,12.2,14.9,17.1,AUD,21.0,0.724257,15.209397000000001
133,2016,Kiribati,43.0,53.5,53.5,AUD,6.0,0.724257,4.345542
134,2016,Nauru,38.7,47.4,53.9,AUD,11.0,0.724257,7.966827
135,2016,Tuvalu,31.4,38.4,50.0,AUD,3.5,0.724257,2.5348995000000003
136,2016,Azerbaijan,16.3,20.3,20.3,AZN,2.8,0.588322,1.6473016
137,2016,Bangladesh,18.5,21.7,40.1,BDT,50.0,0.011682,0.5841
138,2016,Barbados,10.2,2.1,2.4,BBD,15.0,0.500221,7.503315000000001
139,2016,Benin,4.3,11.8,2.2,XOF,500.0,0.001782,0.891
140,2016,Burkina Faso,10.1,2.1,25.6,XOF,650.0,0.001782,1.1582999999999999
141,2016,Côte d’Ivoire,10.5,12.8,13.4,XOF,700.0,0.001782,1.2474
142,2016,Mali,18.0,12.1,12.1,XOF,800.0,0.001782,1.4256
143,2016,Niger,12.2,14.0,15.9,XOF,500.0,0.001782,0.891
144,2016,Senegal,13.0,15.1,18.2,XOF,500.0,0.001782,0.891
145,2016,Togo,10.5,13.9,14.0,XOF,500.0,0.001782,0.891
146,2016,Bosnia and Herzegovina,31.5,39.1,39.1,BAM,4.5,0.597667,2.6895014999999995
147,2016,Botswana,25.8,33.1,24.3,BWP,33.33,0.088446,2.94790518
148,2016,Brazil,16.2,14.2,17.8,BRL,6.24,0.184339,1.15027536
149,2016,Burundi,14.9,2.3,19.6,BIF,1600.0,0.000503,0.8048
150,2016,Cambodia,2.1,2.3,40.1,KHR,2000.0,0.000244,0.488
151,2016,Cameroon,14.9,14.9,17.5,XAF,500.0,0.001782,0.891
152,2016,Chad,12.4,17.9,2.6,XAF,750.0,0.001782,1.3365
153,2016,Congo,11.3,12.0,2.1,XAF,650.0,0.001782,1.1582999999999999
154,2016,Canada,13.6,14.1,19.1,CAD,10.29,0.78862,8.1148998
155,2016,Chile,35.0,45.5,45.5,CLP,2178.0,0.001248,2.718144
156,2016,China,23.2,25.1,25.1,CNY,12.84,0.154878,1.9886335199999998
157,2016,Colombia,3.7,4.1,4.1,COP,2726.0,0.00026,0.70876
158,2016,Comoros,19.2,23.3,20.9,KMF,750.0,0.002373,1.7797500000000002
159,2016,Cook Islands,22.4,28.0,28.0,NZD,21.7,0.696079,15.104914299999999
160,2016,New Zealand,15.2,16.0,16.0,NZD,21.6,0.696079,15.035306400000001
161,2016,Costa Rica,4.9,15.6,15.6,CRC,1700.0,0.001599,2.7182999999999997
162,2016,Croatia,32.7,36.3,36.3,HRK,24.0,0.155857,3.7405679999999997
163,2016,Cuba,20.6,28.6,28.6,CUP,7.0,0.038857,0.271999
164,2016,Czechia,27.1,31.9,31.9,CZK,84.0,0.045853,3.8516519999999996
165,2016,Democratic People's Republic of Korea,15.7,19.0,19.0,KPW,216.5,0.001112,0.240748
166,2016,Denmark,18.2,20.0,20.0,DKK,44.0,0.157227,6.917988
167,2016,Dominican Republic,5.3,12.0,12.0,DOP,150.0,0.017748,2.6622
168,2016,Egypt,17.8,21.3,21.3,EGP,10.0,0.06371,0.6371
169,2016,El Salvador,15.9,19.1,2.7,USD,2.0,1.0,2.0
170,2016,Palau,23.3,29.2,24.7,USD,6.75,1.0,6.75
171,2016,Timor-Leste,5.0,39.9,39.9,USD,1.5,1.0,1.5
172,2016,United States of America,17.9,20.8,25.7,USD,6.43,1.0,6.43
173,2016,Zimbabwe,11.4,14.3,14.3,USD,1.75,1.0,1.75
174,2016,Eritrea,4.9,11.7,15.0,ERN,100.0,0.066693,6.6693
175,2016,Eswatini,15.1,16.3,19.1,SZL,36.0,0.066486,2.3934960000000003
176,2016,Ethiopia,3.0,3.5,4.8,ETB,15.0,0.0216,0.324
177,2016,Fiji,35.1,27.1,27.1,FJD,12.0,0.476915,5.72298
178,2016,Gambia,11.8,15.7,15.0,GMD,40.0,0.019428,0.77712
179,2016,Georgia,4.9,5.3,5.3,GEL,2.5,0.321734,0.804335
180,2016,Ghana,2.8,3.7,3.9,GHS,4.99,0.165981,0.82824519
181,2016,Guyana,2.4,2.4,2.4,GYD,350.0,0.004788,1.6758
182,2016,Iceland,11.9,15.0,15.0,ISK,1271.0,0.0078,9.9138
183,2016,India,12.2,12.1,28.8,INR,158.0,0.013485,2.13063
184,2016,Indonesia,30.9,30.9,6.0,IDR,21667.0,7e-05,1.5166899999999999
185,2016,Iran (Islamic Republic of),17.5,11.2,25.5,IRR,18000.0,2.4e-05,0.432
186,2016,Iraq,14.4,2.8,3.9,IQD,500.0,0.000685,0.34249999999999997
187,2016,Israel,22.3,26.0,26.0,ILS,35.6,0.311685,11.095986
188,2016,Jamaica,3.7,18.7,18.7,JMD,990.3,0.006768,6.702350399999999
189,2016,Japan,22.1,22.8,22.8,JPY,440.0,0.00897,3.9468
190,2016,Kazakhstan,40.5,43.7,43.7,KZT,290.0,0.002355,0.68295
191,2016,Kenya,17.2,10.8,21.8,KES,130.0,0.009055,1.1771500000000001
192,2016,Kuwait,15.0,2.4,3.6,KWD,0.75,3.319902,2.4899265
193,2016,Kyrgyzstan,3.0,3.5,3.5,KGS,55.0,0.011799,0.648945
194,2016,Lao People's Democratic Republic,41.5,50.3,39.9,LAK,7000.0,0.000101,0.707
195,2016,Lebanon,26.5,34.0,42.6,LBP,3250.0,0.000659,2.14175
196,2016,Liberia,13.8,14.1,2.0,LRD,60.0,0.00585,0.35100000000000003
197,2016,Madagascar,15.1,21.0,30.0,MGA,4000.0,0.000252,1.008
198,2016,Mauritius,3.3,3.8,49.1,MUR,130.0,0.023443,3.04759
199,2016,Mexico,20.7,22.5,22.5,MXN,47.39,0.049186,2.3309245400000003
200,2016,Mongolia,37.8,46.3,50.2,MNT,1700.0,0.000352,0.5983999999999999
201,2016,Morocco,12.1,14.4,15.5,MAD,20.5,0.110998,2.275459
202,2016,Mozambique,11.8,28.0,24.9,MZN,35.0,0.015681,0.548835
203,2016,Myanmar,2.7,38.4,46.8,MMK,850.0,0.000535,0.45475
204,2016,Namibia,22.9,33.7,28.2,NAD,44.0,0.066971,2.946724
205,2016,Nepal,30.2,34.3,34.3,NPR,180.0,0.008448,1.5206400000000002
206,2016,Nigeria,3.8,4.3,5.0,NGN,220.0,0.002436,0.53592
207,2016,Norway,16.1,20.2,14.1,NOK,108.6,0.115529,12.5464494
208,2016,Oman,11.4,15.0,18.5,OMR,1.0,2.593841,2.593841
209,2016,Pakistan,2.5,3.4,35.8,PKR,67.0,0.005879,0.393893
210,2016,Panama,5.5,2.3,3.0,PAB,4.25,0.999784,4.249082
211,2016,Paraguay,18.9,22.6,22.6,PYG,2000.0,0.000146,0.292
212,2016,Peru,16.4,17.9,17.9,PEN,10.5,0.24239,2.545095
213,2016,Philippines,39.0,42.7,42.7,PHP,40.5,0.019612,0.794286
214,2016,Poland,25.4,27.4,27.4,PLN,14.7,0.252176,3.7069872
215,2016,Qatar,10.2,11.9,14.1,QAR,10.0,0.276283,2.76283
216,2016,Republic of Korea,38.1,40.5,40.5,KRW,4500.0,0.000842,3.7889999999999997
217,2016,Republic of Moldova,40.1,44.3,44.3,MDL,20.0,0.056758,1.13516
218,2016,Romania,24.1,26.8,26.8,RON,16.0,0.236175,3.7788
219,2016,Russian Federation,28.3,28.7,28.7,RUB,105.0,0.013731,1.4417550000000001
220,2016,Rwanda,13.5,19.5,20.4,RWF,650.0,0.000992,0.6448
221,2016,Samoa,24.1,29.9,29.9,WST,11.5,0.390717,4.4932455
222,2016,Saudi Arabia,18.4,12.7,2.2,SAR,12.0,0.266681,3.2001720000000002
223,2016,Serbia,36.5,41.2,41.2,RSD,220.0,0.009941,2.18702
224,2016,Seychelles,31.4,35.9,36.0,SCR,105.0,0.075113,7.886865
225,2016,Sierra Leone,30.4,32.6,32.6,SLL,3500.0,9.5e-05,0.3325
226,2016,Singapore,24.8,27.9,27.9,SGD,13.0,0.73699,9.58087
227,2014,Albania,44.3,51.7,51.7,All,200.0,0.00961,1.9220000000000002
228,2014,Algeria,11.4,14.9,19.4,DZD,150.0,0.00733,1.0995
229,2014,Andorra,28.0,34.1,34.1,EUR,3.5,1.168889,4.0911115
230,2014,Austria,30.1,32.5,32.5,EUR,4.9,1.168889,5.727556100000001
231,2014,Belgium,24.2,25.9,25.9,EUR,5.79,1.168889,6.767867310000001
232,2014,Cyprus,30.7,37.6,37.6,EUR,4.0,1.168889,4.675556
233,2014,Estonia,29.3,32.4,32.4,EUR,3.5,1.168889,4.0911115
234,2014,Finland,18.9,21.3,21.3,EUR,5.47,1.168889,6.39382283
235,2014,France,31.5,34.6,34.6,EUR,7.0,1.168889,8.182223
236,2014,Germany,27.1,29.1,29.1,EUR,5.47,1.168889,6.39382283
237,2014,Greece,37.4,41.2,41.2,EUR,4.0,1.168889,4.675556
238,2014,Ireland,23.0,25.9,25.9,EUR,9.6,1.168889,11.2213344
239,2014,Italy,23.3,24.0,24.0,EUR,5.0,1.168889,5.844445
240,2014,Latvia,33.3,37.5,37.5,EUR,3.0,1.168889,3.506667
241,2014,Luxembourg,21.1,23.3,23.3,EUR,5.0,1.168889,5.844445
242,2014,Malta,23.8,26.8,26.8,EUR,4.8,1.168889,5.6106672
243,2014,Netherlands,21.5,25.1,25.1,EUR,6.32,1.168889,7.387378480000001
244,2014,Portugal,24.2,27.1,27.1,EUR,4.5,1.168889,5.2600005
245,2014,Slovakia,26.9,32.1,32.1,EUR,2.84,1.168889,3.31964476
246,2014,Slovenia,21.5,23.3,23.3,EUR,3.45,1.168889,4.032667050000001
247,2014,Spain,27.8,29.6,29.6,EUR,4.8,1.168889,5.6106672
248,2014,Argentina,21.9,24.2,25.6,ARS,14.5,0.010153,0.1472185
249,2014,Armenia,26.6,28.3,28.3,AMD,600.0,0.002035,1.2209999999999999
250,2014,Australia,12.9,15.8,18.2,AUD,17.05,0.724257,12.34858185
251,2014,Kiribati,44.2,55.2,55.2,AUD,4.8,0.724257,3.4764336
252,2014,Tuvalu,32.2,39.4,51.4,AUD,2.5,0.724257,1.8106425000000002
253,2014,Azerbaijan,16.8,21.1,21.1,AZN,1.4,0.588322,0.8236508
254,2014,Bangladesh,19.1,22.6,41.1,BDT,30.0,0.011682,0.35046
255,2014,Barbados,10.3,2.2,2.4,BBD,13.85,0.500221,6.9280608500000005
256,2014,Benin,4.5,12.4,2.5,XOF,500.0,0.001782,0.891
257,2014,Burkina Faso,10.4,2.5,26.5,XOF,500.0,0.001782,0.891
258,2014,Côte d’Ivoire,10.9,13.4,2.1,XOF,700.0,0.001782,1.2474
259,2014,Mali,18.0,12.1,12.1,XOF,700.0,0.001782,1.2474
260,2014,Niger,11.9,13.8,15.7,XOF,500.0,0.001782,0.891
261,2014,Senegal,13.6,15.8,10.0,XOF,500.0,0.001782,0.891
262,2014,Togo,10.9,14.4,2.1,XOF,400.0,0.001782,0.7128
263,2014,Bosnia and Herzegovina,32.3,39.7,39.7,BAM,3.7,0.597667,2.2113679
264,2014,Botswana,25.7,32.8,24.9,BWP,27.33,0.088446,2.4172291799999996
265,2014,Brazil,17.2,15.2,19.2,BRL,5.75,0.184339,1.05994925
266,2014,Burundi,15.5,18.4,20.5,BIF,1600.0,0.000503,0.8048
267,2014,Cambodia,2.5,2.7,43.4,KHR,1800.0,0.000244,0.4392
268,2014,Cameroon,14.9,14.9,17.5,XAF,500.0,0.001782,0.891
269,2014,Chad,12.4,18.0,2.9,XAF,700.0,0.001782,1.2474
270,2014,Congo,10.6,11.4,2.3,XAF,600.0,0.001782,1.0692
271,2014,Canada,14.8,15.4,20.7,CAD,9.25,0.78862,7.294735
272,2014,Chile,35.7,46.2,46.2,CLP,1701.0,0.001248,2.122848
273,2014,China,23.4,25.5,25.5,CNY,11.61,0.154878,1.7981335799999998
274,2014,Colombia,4.1,4.6,4.6,COP,2479.0,0.00026,0.6445399999999999
275,2014,Comoros,19.8,23.9,22.6,KMF,500.0,0.002373,1.1865
276,2014,Cook Islands,23.6,29.5,29.5,NZD,19.0,0.696079,13.225501
277,2014,New Zealand,16.4,17.3,17.3,NZD,17.0,0.696079,11.833343
278,2014,Costa Rica,14.9,16.7,16.7,CRC,1600.0,0.001599,2.5584
279,2014,Croatia,32.4,36.1,36.1,HRK,23.0,0.155857,3.584711
280,2014,Cuba,21.8,30.4,30.4,CUP,7.0,0.038857,0.271999
281,2014,Czechia,27.4,32.2,32.2,CZK,72.0,0.045853,3.3014159999999997
282,2014,Democratic People's Republic of Korea,16.0,19.2,19.2,KPW,197.1,0.001112,0.2191752
283,2014,Denmark,19.6,21.6,21.6,DKK,44.0,0.157227,6.917988
284,2014,Dominican Republic,5.8,12.9,12.9,DOP,150.0,0.017748,2.6622
285,2014,Egypt,17.4,21.3,21.3,EGP,8.0,0.06371,0.50968
286,2014,El Salvador,2.0,19.9,2.9,USD,2.0,1.0,2.0
287,2014,Palau,23.9,29.7,25.7,USD,5.25,1.0,5.25
288,2014,Timor-Leste,5.3,41.8,41.8,USD,1.25,1.0,1.25
289,2014,United States of America,18.5,21.7,26.4,USD,6.23,1.0,6.23
290,2014,Zimbabwe,11.7,14.7,14.7,USD,1.3,1.0,1.3
291,2014,Eritrea,10.1,12.3,16.0,ERN,60.0,0.066693,4.001580000000001
292,2014,Eswatini,15.1,16.3,19.0,SZL,35.0,0.066486,2.32701
293,2014,Ethiopia,3.1,3.6,5.0,ETB,15.0,0.0216,0.324
294,2014,Fiji,35.8,27.7,27.7,FJD,7.8,0.476915,3.719937
295,2014,Gambia,12.1,16.1,15.7,GMD,30.0,0.019428,0.58284
296,2014,Georgia,5.0,5.4,5.4,GEL,2.2,0.321734,0.7078148000000001
297,2014,Ghana,2.9,3.9,4.1,GHS,2.5,0.165981,0.41495249999999995
298,2014,Guyana,2.7,2.7,2.7,GYD,300.0,0.004788,1.4364
299,2014,Iceland,13.0,16.4,16.4,ISK,1219.0,0.0078,9.5082
300,2014,India,12.4,2.1,30.6,INR,138.0,0.013485,1.86093
301,2014,Indonesia,30.8,30.8,6.8,IDR,18333.0,7e-05,1.28331
302,2014,Iran (Islamic Republic of),18.1,11.7,26.6,IRR,15000.0,2.4e-05,0.36
303,2014,Iraq,14.7,3.2,4.3,IQD,500.0,0.000685,0.34249999999999997
304,2014,Israel,22.7,26.6,26.6,ILS,30.0,0.311685,9.35055
305,2014,Jamaica,15.9,19.7,19.7,JMD,800.0,0.006768,5.4144
306,2014,Japan,23.1,23.9,23.9,JPY,430.0,0.00897,3.8571000000000004
307,2014,Kazakhstan,41.8,45.0,45.0,KZT,210.0,0.002355,0.49455
308,2014,Kenya,18.1,11.3,22.9,KES,100.0,0.009055,0.9055000000000001
309,2014,Kuwait,15.1,2.7,3.9,KWD,0.75,3.319902,2.4899265
310,2014,Kyrgyzstan,3.1,3.7,3.7,KGS,35.0,0.011799,0.412965
311,2014,Lao People's Democratic Republic,43.3,52.4,42.2,LAK,8000.0,0.000101,0.808
312,2014,Lebanon,27.0,34.0,42.7,LBP,3250.0,0.000659,2.14175
313,2014,Lesotho,20.5,26.3,49.8,LSL,34.99,0.066232,2.31745768
314,2014,Liberia,14.1,14.7,2.3,LRD,60.0,0.00585,0.35100000000000003
315,2014,Madagascar,15.3,21.4,31.2,MGA,3000.0,0.000252,0.756
316,2014,Mauritius,3.4,3.9,49.9,MUR,125.0,0.023443,2.9303749999999997
317,2014,Mexico,21.9,23.8,23.8,MXN,45.0,0.049186,2.21337
318,2014,Mongolia,38.8,47.7,52.0,MNT,1600.0,0.000352,0.5632
319,2014,Morocco,12.7,15.0,16.4,MAD,19.5,0.110998,2.164461
320,2014,Mozambique,12.3,29.3,26.7,MZN,30.0,0.015681,0.47043
321,2014,Myanmar,3.2,40.1,48.8,MMK,650.0,0.000535,0.34775
322,2014,Namibia,22.6,33.2,28.1,NAD,40.0,0.066971,2.67884
323,2014,Nepal,20.9,23.5,37.0,NPR,132.0,0.008448,1.1151360000000001
324,2014,Nigeria,3.9,4.5,5.2,NGN,220.0,0.002436,0.53592
325,2014,Norway,17.7,22.2,15.4,NOK,97.9,0.115529,11.310289100000002
326,2014,Oman,11.2,14.8,18.3,OMR,0.9,2.593841,2.3344568999999997
327,2014,Pakistan,2.8,3.8,37.9,PKR,47.0,0.005879,0.276313
328,2014,Panama,2.2,2.5,3.2,PAB,4.25,0.999784,4.249082
329,2014,Paraguay,20.4,24.6,24.6,PYG,1500.0,0.000146,0.219
330,2014,Peru,18.7,20.4,20.4,PEN,6.2,0.24239,1.502818
331,2014,Philippines,40.5,44.3,44.3,PHP,26.75,0.019612,0.524621
332,2014,Poland,26.7,28.6,28.6,PLN,13.7,0.252176,3.4548112
333,2014,Qatar,10.1,12.0,14.3,QAR,10.0,0.276283,2.76283
334,2014,Republic of Korea,40.3,42.7,42.7,KRW,2500.0,0.000842,2.105
335,2014,Republic of Moldova,40.0,44.2,44.2,MDL,15.0,0.056758,0.8513700000000001
336,2014,Romania,25.4,28.3,28.3,RON,14.5,0.236175,3.4245375
337,2014,Russian Federation,28.9,29.3,29.3,RUB,67.0,0.013731,0.919977
338,2014,Rwanda,14.1,20.5,21.3,RWF,650.0,0.000992,0.6448
339,2014,Samoa,25.0,31.0,31.0,WST,9.5,0.390717,3.7118114999999996
340,2014,Saudi Arabia,18.2,12.7,2.4,SAR,10.0,0.266681,2.66681
341,2014,Serbia,37.0,41.7,41.7,RSD,170.0,0.009941,1.68997
342,2014,Seychelles,31.8,36.5,36.6,SCR,75.0,0.075113,5.633475
343,2014,Sierra Leone,31.5,22.5,22.5,SLL,3500.0,9.5e-05,0.3325
344,2014,Singapore,24.8,27.8,27.8,SGD,13.0,0.73699,9.58087
345,2012,Albania,44.9,52.3,52.3,All,170.0,0.00961,1.6337000000000002
346,2012,Algeria,11.6,15.2,19.8,DZD,85.0,0.00733,0.62305
347,2012,Andorra,28.3,34.5,34.5,EUR,3.1,1.168889,3.6235559000000004
348,2012,Austria,31.9,34.2,34.2,EUR,4.5,1.168889,5.2600005
349,2012,Belgium,24.7,26.5,26.5,EUR,5.26,1.168889,6.14835614
350,2012,Cyprus,31.3,38.3,38.3,EUR,3.75,1.168889,4.38333375
351,2012,Estonia,30.2,33.6,33.6,EUR,3.1,1.168889,3.6235559000000004
352,2012,Finland,19.7,22.3,22.3,EUR,4.89,1.168889,5.71586721
353,2012,France,31.4,34.5,34.5,EUR,6.2,1.168889,7.247111800000001
354,2012,Germany,27.7,29.7,29.7,EUR,5.26,1.168889,6.14835614
355,2012,Greece,38.3,42.1,42.1,EUR,3.7,1.168889,4.324889300000001
356,2012,Ireland,24.1,26.9,26.9,EUR,9.1,1.168889,10.6368899
357,2012,Italy,23.6,24.3,24.3,EUR,5.0,1.168889,5.844445
358,2012,Luxembourg,21.9,24.0,24.0,EUR,4.6,1.168889,5.3768894
359,2012,Malta,24.7,27.8,27.8,EUR,4.2,1.168889,4.909333800000001
360,2012,Netherlands,22.3,26.1,26.1,EUR,5.68,1.168889,6.63928952
361,2012,Portugal,23.8,26.8,26.8,EUR,4.2,1.168889,4.909333800000001
362,2012,Slovakia,26.8,32.0,32.0,EUR,2.74,1.168889,3.2027558600000003
363,2012,Slovenia,21.8,23.5,23.5,EUR,2.9,1.168889,3.3897781
364,2012,Spain,28.5,30.6,30.6,EUR,4.5,1.168889,5.2600005
365,2012,Argentina,23.6,26.0,27.8,ARS,8.0,0.010153,0.081224
366,2012,Armenia,27.3,29.1,29.1,AMD,600.0,0.002035,1.2209999999999999
367,2012,Australia,13.7,16.8,19.3,AUD,13.63,0.724257,9.871622910000001
368,2012,Kiribati,45.5,56.7,56.7,AUD,4.8,0.724257,3.4764336
369,2012,Tuvalu,33.1,40.8,52.9,AUD,6.0,0.724257,4.345542
370,2012,Azerbaijan,17.5,21.9,21.9,AZN,1.1,0.588322,0.6471542
371,2012,Bangladesh,19.9,23.4,42.3,BDT,28.0,0.011682,0.327096
372,2012,Barbados,10.5,2.3,2.5,BBD,11.29,0.500221,5.64749509
373,2012,Benin,4.7,13.0,2.8,XOF,500.0,0.001782,0.891
374,2012,Burkina Faso,10.6,2.9,19.1,XOF,500.0,0.001782,0.891
375,2012,Côte d’Ivoire,11.4,13.9,2.4,XOF,700.0,0.001782,1.2474
376,2012,Mali,18.1,2.1,2.1,XOF,700.0,0.001782,1.2474
377,2012,Niger,11.6,13.5,15.4,XOF,400.0,0.001782,0.7128
378,2012,Senegal,14.1,16.4,10.6,XOF,400.0,0.001782,0.7128
379,2012,Togo,11.2,14.9,2.4,XOF,400.0,0.001782,0.7128
380,2012,Bosnia and Herzegovina,32.9,40.6,40.6,BAM,2.8,0.597667,1.6734675999999997
381,2012,Botswana,25.4,32.5,25.6,BWP,25.0,0.088446,2.21115
382,2012,Brazil,14.4,16.2,20.7,BRL,4.25,0.184339,0.78344075
383,2012,Burundi,16.2,19.1,21.4,BIF,800.0,0.000503,0.4024
384,2012,Cambodia,2.9,3.2,46.9,KHR,1700.0,0.000244,0.4148
385,2012,Cameroon,14.9,14.9,17.5,XAF,500.0,0.001782,0.891
386,2012,Chad,12.3,17.9,21.9,XAF,500.0,0.001782,0.891
387,2012,Congo,19.0,10.9,2.5,XAF,500.0,0.001782,0.891
388,2012,Canada,16.1,16.7,22.6,CAD,8.49,0.78862,6.6953838
389,2012,Chile,36.4,47.2,47.2,CLP,1635.0,0.001248,2.04048
390,2012,China,24.0,26.1,26.1,CNY,10.57,0.154878,1.6370604599999998
391,2012,Colombia,4.6,14.9,14.9,COP,2269.0,0.00026,0.5899399999999999
392,2012,Comoros,20.3,24.6,24.4,KMF,500.0,0.002373,1.1865
393,2012,Cook Islands,24.9,31.1,31.1,NZD,12.0,0.696079,8.352948
394,2012,New Zealand,17.6,18.6,18.6,NZD,14.5,0.696079,10.0931455
395,2012,Costa Rica,15.9,17.7,17.7,CRC,1300.0,0.001599,2.0787
396,2012,Croatia,32.2,35.8,35.8,HRK,20.0,0.155857,3.11714
397,2012,Cuba,23.3,32.3,32.3,CUP,7.0,0.038857,0.271999
398,2012,Czechia,27.7,32.5,32.5,CZK,68.0,0.045853,3.118004
399,2012,Denmark,21.2,23.4,23.4,DKK,40.0,0.157227,6.28908
400,2012,Dominican Republic,6.3,13.8,13.8,DOP,130.0,0.017748,2.30724
401,2012,Egypt,17.1,21.1,21.1,EGP,6.0,0.06371,0.38226000000000004
402,2012,El Salvador,2.1,2.7,25.8,USD,1.95,1.0,1.95
403,2012,Palau,24.4,20.4,26.6,USD,3.5,1.0,3.5
404,2012,Timor-Leste,5.5,43.7,43.7,USD,1.25,1.0,1.25
405,2012,United States of America,19.5,22.6,27.2,USD,6.07,1.0,6.07
406,2012,Zimbabwe,12.1,15.2,15.2,USD,1.0,1.0,1.0
407,2012,Eritrea,10.5,12.9,17.0,ERN,40.0,0.066693,2.66772
408,2012,Ethiopia,3.2,3.8,5.2,ETB,8.0,0.0216,0.1728
409,2012,Fiji,36.5,28.5,28.5,FJD,7.2,0.476915,3.433788
410,2012,Gambia,12.4,16.6,2.1,GMD,15.0,0.019428,0.29142
411,2012,Georgia,5.0,5.5,5.5,GEL,1.9,0.321734,0.6112946
412,2012,Ghana,3.1,4.1,4.4,GHS,2.0,0.165981,0.331962
413,2012,Guyana,2.9,2.9,2.9,GYD,300.0,0.004788,1.4364
414,2012,Iceland,14.1,17.8,17.8,ISK,998.0,0.0078,7.7844
415,2012,India,12.5,2.6,32.6,INR,98.0,0.013485,1.32153
416,2012,Indonesia,30.8,30.8,69.3,IDR,16667.0,7e-05,1.16669
417,2012,Iran (Islamic Republic of),10.0,2.1,27.7,IRR,12000.0,2.4e-05,0.28800000000000003
418,2012,Iraq,2.1,3.7,4.7,IQD,500.0,0.000685,0.34249999999999997
419,2012,Israel,23.2,27.2,27.2,ILS,23.0,0.311685,7.168755
420,2012,Jamaica,16.9,20.8,20.8,JMD,660.0,0.006768,4.46688
421,2012,Japan,24.2,25.1,25.1,JPY,410.0,0.00897,3.6777
422,2012,Kazakhstan,42.9,46.3,46.3,KZT,130.0,0.002355,0.30615
423,2012,Kenya,18.9,11.9,24.0,KES,90.0,0.009055,0.8149500000000001
424,2012,Kuwait,15.2,3.0,4.2,KWD,0.65,3.319902,2.1579363
425,2012,Kyrgyzstan,3.3,3.8,3.8,KGS,24.0,0.011799,0.283176
426,2012,Lao People's Democratic Republic,45.2,54.7,44.4,LAK,6000.0,0.000101,0.606
427,2012,Lebanon,27.7,34.1,42.9,LBP,2750.0,0.000659,1.81225
428,2012,Lesotho,19.1,24.5,47.6,LSL,32.0,0.066232,2.119424
429,2012,Liberia,14.5,15.4,2.7,LRD,65.0,0.00585,0.38025000000000003
430,2012,Madagascar,15.6,21.7,32.5,MGA,2000.0,0.000252,0.504
431,2012,Mauritius,3.4,4.0,50.9,MUR,105.0,0.023443,2.461515
432,2012,Mexico,23.2,25.2,25.2,MXN,40.0,0.049186,1.96744
433,2012,Mongolia,39.7,48.6,53.7,MNT,800.0,0.000352,0.2816
434,2012,Morocco,13.2,15.7,17.1,MAD,17.5,0.110998,1.9424649999999999
435,2012,Mozambique,2.0,30.7,28.6,MZN,25.0,0.015681,0.392025
436,2012,Myanmar,3.8,42.3,50.5,MMK,650.0,0.000535,0.34775
437,2012,Namibia,22.2,21.4,19.6,NAD,29.49,0.066971,1.9749747899999999
438,2012,Nepal,22.5,25.3,40.0,NPR,95.0,0.008448,0.80256
439,2012,Nigeria,4.1,4.7,10.1,NGN,200.0,0.002436,0.48719999999999997
440,2012,Norway,19.4,24.4,16.7,NOK,87.5,0.115529,10.1087875
441,2012,Oman,11.0,14.6,18.2,OMR,0.9,2.593841,2.3344568999999997
442,2012,Pakistan,28.8,37.7,40.4,PKR,33.0,0.005879,0.19400699999999999
443,2012,Panama,2.4,2.8,3.6,PAB,3.73,0.999784,3.72919432
444,2012,Paraguay,22.2,26.7,26.7,PYG,1500.0,0.000146,0.219
445,2012,Peru,21.4,23.4,23.4,PEN,5.2,0.24239,1.260428
446,2012,Philippines,42.0,46.0,46.0,PHP,15.0,0.019612,0.29418
447,2012,Poland,28.0,30.1,30.1,PLN,11.6,0.252176,2.9252416
448,2012,Qatar,10.1,12.3,14.3,QAR,9.0,0.276283,2.486547
449,2012,Republic of Korea,42.6,45.2,45.2,KRW,2500.0,0.000842,2.105
450,2012,Republic of Moldova,39.6,44.2,44.2,MDL,13.0,0.056758,0.737854
451,2012,Romania,26.8,29.8,29.8,RON,13.5,0.236175,3.1883624999999998
452,2012,Russian Federation,29.4,29.9,29.9,RUB,44.0,0.013731,0.604164
453,2012,Rwanda,14.9,21.3,22.2,RWF,600.0,0.000992,0.5952000000000001
454,2012,Samoa,26.0,32.3,32.3,WST,8.6,0.390717,3.3601661999999997
455,2012,Saudi Arabia,17.9,12.7,2.6,SAR,9.0,0.266681,2.400129
456,2012,Serbia,37.5,42.2,42.2,RSD,110.0,0.009941,1.09351
457,2012,Seychelles,32.5,37.3,37.3,SCR,75.0,0.075113,5.633475
458,2012,Sierra Leone,32.9,24.0,24.0,SLL,2400.0,9.5e-05,0.228
459,2012,Singapore,24.8,27.7,27.7,SGD,11.9,0.73699,8.770181000000001
460,2010,Albania,45.7,53.2,53.2,All,150.0,0.00961,1.4415
461,2010,Algeria,11.7,15.5,20.0,DZD,85.0,0.00733,0.62305
462,2010,Andorra,28.4,34.7,34.7,EUR,2.4,1.168889,2.8053336
463,2010,Austria,33.8,36.1,36.1,EUR,4.0,1.168889,4.675556
464,2010,Belgium,25.2,27.0,27.0,EUR,4.84,1.168889,5.65742276
465,2010,Cyprus,31.6,38.8,38.8,EUR,2.82,1.168889,3.29626698
466,2010,Finland,20.6,23.4,23.4,EUR,4.32,1.168889,5.0496004800000005
467,2010,France,31.4,34.5,34.5,EUR,5.6,1.168889,6.5457784
468,2010,Germany,28.1,30.3,30.3,EUR,4.95,1.168889,5.786000550000001
469,2010,Greece,39.4,43.4,43.4,EUR,3.2,1.168889,3.7404448000000006
470,2010,Ireland,25.1,28.2,28.2,EUR,8.55,1.168889,9.994000950000002
471,2010,Italy,23.9,24.7,24.7,EUR,3.7,1.168889,4.324889300000001
472,2010,Luxembourg,22.7,24.9,24.9,EUR,3.68,1.168889,4.30151152
473,2010,Malta,25.5,28.6,28.6,EUR,4.0,1.168889,4.675556
474,2010,Netherlands,23.1,27.0,27.0,EUR,5.05,1.168889,5.90288945
475,2010,Portugal,23.5,26.4,26.4,EUR,3.5,1.168889,4.0911115
476,2010,Slovakia,26.9,31.9,31.9,EUR,2.42,1.168889,2.82871138
477,2010,Slovenia,22.0,23.8,23.8,EUR,2.5,1.168889,2.9222225
478,2010,Spain,29.5,31.6,31.6,EUR,3.4,1.168889,3.9742226
479,2010,Argentina,25.3,28.0,30.1,ARS,5.38,0.010153,0.05462314
480,2010,Armenia,28.2,30.0,30.0,AMD,550.0,0.002035,1.1192499999999999
481,2010,Australia,14.7,17.9,20.4,AUD,11.98,0.724257,8.67659886
482,2010,Kiribati,46.9,58.1,58.1,AUD,6.4,0.724257,4.635244800000001
483,2010,Nauru,41.7,51.1,59.5,AUD,4.96,0.724257,3.59231472
484,2010,Tuvalu,34.0,41.7,54.4,AUD,6.0,0.724257,4.345542
485,2010,Azerbaijan,18.2,22.8,22.8,AZN,0.7,0.588322,0.4118254
486,2010,Bangladesh,20.7,24.5,43.5,BDT,17.0,0.011682,0.198594
487,2010,Barbados,10.7,2.4,2.6,BBD,11.0,0.500221,5.5024310000000005
488,2010,Benin,5.0,13.6,17.6,XOF,500.0,0.001782,0.891
489,2010,Burkina Faso,10.8,24.4,20.4,XOF,500.0,0.001782,0.891
490,2010,Côte d’Ivoire,11.8,14.5,2.7,XOF,700.0,0.001782,1.2474
491,2010,Mali,18.1,2.3,2.3,XOF,700.0,0.001782,1.2474
492,2010,Niger,11.3,13.2,15.0,XOF,400.0,0.001782,0.7128
493,2010,Senegal,14.8,17.1,11.2,XOF,400.0,0.001782,0.7128
494,2010,Togo,11.6,15.3,2.7,XOF,380.0,0.001782,0.67716
495,2010,Bosnia and Herzegovina,33.6,41.4,41.4,BAM,2.3,0.597667,1.3746340999999997
496,2010,Botswana,25.3,32.1,26.4,BWP,18.0,0.088446,1.592028
497,2010,Brazil,15.3,17.3,22.3,BRL,3.25,0.184339,0.59910175
498,2010,Burundi,17.0,2.7,22.3,BIF,800.0,0.000503,0.4024
499,2010,Cambodia,3.4,3.7,30.6,USD,0.33,1.0,0.33
500,2010,El Salvador,18.2,2.9,26.9,USD,1.75,1.0,1.75
501,2010,Palau,25.2,21.1,27.7,USD,3.5,1.0,3.5
502,2010,Panama,2.7,3.1,16.4,USD,3.25,1.0,3.25
503,2010,Timor-Leste,5.8,45.6,45.6,USD,1.25,1.0,1.25
504,2010,United States of America,20.3,23.6,27.9,USD,5.72,1.0,5.72
505,2010,Zimbabwe,12.4,15.6,15.6,USD,0.5,1.0,0.5
506,2010,Cameroon,15.0,15.0,17.5,XAF,500.0,0.001782,0.891
507,2010,Chad,12.4,18.0,22.2,XAF,500.0,0.001782,0.891
508,2010,Congo,17.9,10.3,2.7,XAF,500.0,0.001782,0.891
509,2010,Canada,17.6,18.2,24.7,CAD,8.68,0.78862,6.8452215999999995
510,2010,Chile,37.1,48.3,48.3,CLP,1188.0,0.001248,1.482624
511,2010,China,24.4,26.6,26.6,CNY,7.57,0.154878,1.17242646
512,2010,Colombia,5.1,16.2,16.2,COP,1880.0,0.00026,0.48879999999999996
513,2010,Comoros,21.1,25.4,26.6,KMF,500.0,0.002373,1.1865
514,2010,Cook Islands,26.3,32.7,32.7,NZD,8.2,0.696079,5.7078478
515,2010,New Zealand,19.1,20.1,20.1,NZD,10.0,0.696079,6.96079
516,2010,Costa Rica,17.0,19.0,19.0,CRC,800.0,0.001599,1.2792
517,2010,Croatia,32.2,35.6,35.6,HRK,18.0,0.155857,2.8054259999999998
518,2010,Czechia,28.0,32.9,32.9,CZK,63.0,0.045853,2.8887389999999997
519,2010,Denmark,23.0,25.3,25.3,DKK,37.0,0.157227,5.817399
520,2010,Dominican Republic,7.0,12.6,12.6,DOP,120.0,0.017748,2.12976
521,2010,Egypt,16.7,21.2,21.2,EGP,4.0,0.06371,0.25484
522,2010,Eritrea,11.1,13.5,18.0,ERN,30.0,0.066693,2.0007900000000003
523,2010,Eswatini,14.9,2.1,18.9,SZL,27.5,0.066486,1.828365
524,2010,Ethiopia,3.4,4.0,5.5,ETB,7.0,0.0216,0.1512
525,2010,Gambia,12.9,17.1,2.4,GMD,10.0,0.019428,0.19428
526,2010,Georgia,5.2,5.6,5.6,GEL,1.8,0.321734,0.5791212
527,2010,Ghana,3.3,4.4,4.7,GHS,2.0,0.165981,0.331962
528,2010,Guyana,3.2,3.2,3.2,GYD,300.0,0.004788,1.4364
529,2010,Iceland,15.4,19.4,19.4,ISK,900.0,0.0078,7.02
530,2010,India,12.7,23.3,34.8,INR,70.0,0.013485,0.9439500000000001
531,2010,Indonesia,30.8,30.8,68.7,IDR,13125.0,7e-05,0.91875
532,2010,Iran (Islamic Republic of),10.5,2.4,28.9,IRR,4739.0,2.4e-05,0.113736
533,2010,Iraq,2.5,36.3,43.1,IQD,500.0,0.000685,0.34249999999999997
534,2010,Israel,23.7,27.8,27.8,ILS,21.0,0.311685,6.545385
535,2010,Jamaica,17.8,22.1,22.1,JMD,580.0,0.006768,3.92544
536,2010,Japan,25.4,26.4,26.4,JPY,300.0,0.00897,2.6910000000000003
537,2010,Kazakhstan,44.5,47.8,47.8,KZT,100.0,0.002355,0.2355
538,2010,Kenya,10.2,12.5,25.1,KES,100.0,0.009055,0.9055000000000001
539,2010,Kuwait,15.4,3.4,4.5,KWD,0.47,3.319902,1.56035394
540,2010,Kyrgyzstan,3.4,4.0,4.0,KGS,23.0,0.011799,0.27137700000000003
541,2010,Lao People's Democratic Republic,47.1,33.8,47.0,LAK,5000.0,0.000101,0.505
542,2010,Lebanon,28.3,34.1,42.9,LBP,2250.0,0.000659,1.48275
543,2010,Lesotho,17.9,23.0,45.3,LSL,28.0,0.066232,1.854496
544,2010,Liberia,15.0,16.0,17.7,LRD,50.0,0.00585,0.2925
545,2010,Madagascar,15.8,22.2,34.0,MGA,2000.0,0.000252,0.504
546,2010,Mauritius,3.5,4.1,52.2,MUR,75.0,0.023443,1.758225
547,2010,Mexico,24.6,26.7,26.7,MXN,30.0,0.049186,1.4755800000000001
548,2010,Mongolia,40.8,49.8,55.5,MNT,800.0,0.000352,0.2816
549,2010,Morocco,13.8,16.4,18.0,MAD,17.5,0.110998,1.9424649999999999
550,2010,Mozambique,2.1,32.0,30.5,MZN,20.0,0.015681,0.31362
551,2010,Myanmar,36.6,44.7,52.5,MMK,650.0,0.000535,0.34775
552,2010,Namibia,21.9,21.5,20.4,NAD,26.95,0.066971,1.80486845
553,2010,Nepal,24.2,27.3,43.4,NPR,85.0,0.008448,0.71808
554,2010,Nigeria,4.2,4.9,10.5,NGN,200.0,0.002436,0.48719999999999997
555,2010,Norway,21.3,26.8,18.2,NOK,81.0,0.115529,9.357849
556,2010,Oman,10.9,14.4,18.2,OMR,0.65,2.593841,1.6859966499999999
557,2010,Pakistan,28.8,37.7,27.1,PKR,28.1,0.005879,0.1651999
558,2010,Paraguay,24.2,29.1,29.1,PYG,1300.0,0.000146,0.1898
559,2010,Peru,24.5,26.8,26.8,PEN,4.5,0.24239,1.090755
560,2010,Philippines,43.6,47.8,47.8,PHP,13.95,0.019612,0.2735874
561,2010,Poland,29.4,31.6,31.6,PLN,7.95,0.252176,2.0047992000000003
562,2010,Qatar,10.1,12.4,14.5,QAR,6.0,0.276283,1.657698
563,2010,Republic of Korea,45.0,47.4,47.4,KRW,2500.0,0.000842,2.105
564,2010,Republic of Moldova,39.6,44.0,44.0,MDL,9.0,0.056758,0.510822
565,2010,Romania,28.4,31.6,31.6,RON,9.9,0.236175,2.3381325
566,2010,Russian Federation,30.1,30.6,30.6,RUB,31.0,0.013731,0.425661
567,2010,Rwanda,15.7,22.7,23.1,RWF,500.0,0.000992,0.496
568,2010,Samoa,27.1,33.5,33.5,WST,8.0,0.390717,3.125736
569,2010,Saudi Arabia,17.8,2.2,2.9,SAR,7.0,0.266681,1.866767
570,2010,Serbia,38.0,42.7,42.7,RSD,75.0,0.009941,0.745575
571,2010,Seychelles,33.2,37.9,38.1,SCR,74.0,0.075113,5.558362
572,2010,Sierra Leone,34.2,25.7,25.7,SLL,1600.0,9.5e-05,0.152
573,2010,Singapore,24.7,27.7,27.7,SGD,11.6,0.73699,8.549084
574,2008,Albania,46.8,54.4,54.4,All,130.0,0.00961,1.2493
575,2008,Algeria,12.1,15.9,20.8,DZD,70.0,0.00733,0.5131
576,2008,Argentina,28.3,31.2,34.1,ARS,3.8,0.010153,0.0385814
577,2008,Armenia,29.2,31.3,31.3,AMD,500.0,0.002035,1.0174999999999998
578,2008,Australia,16.1,19.7,22.4,AUD,9.6,0.724257,6.9528672
579,2008,Kiribati,49.3,61.2,61.2,AUD,6.4,0.724257,4.635244800000001
580,2008,Nauru,43.4,53.3,62.8,AUD,4.4,0.724257,3.1867308000000003
581,2008,Tuvalu,35.4,43.6,56.7,AUD,4.5,0.724257,3.2591565
582,2008,Austria,36.7,39.4,39.4,EUR,3.6,1.168889,4.2080004
583,2008,Belgium,26.0,27.8,27.8,EUR,4.16,1.168889,4.86257824
584,2008,Cyprus,32.5,40.0,40.0,EUR,2.82,1.168889,3.29626698
585,2008,Finland,22.0,25.0,25.0,EUR,4.07,1.168889,4.7573782300000005
586,2008,France,31.4,34.5,34.5,EUR,5.3,1.168889,6.1951117
587,2008,Germany,28.9,31.2,31.2,EUR,4.71,1.168889,5.50546719
588,2008,Greece,41.1,45.3,45.3,EUR,3.0,1.168889,3.506667
589,2008,Ireland,26.9,30.2,30.2,EUR,8.05,1.168889,9.409556450000002
590,2008,Italy,24.5,25.1,25.1,EUR,3.6,1.168889,4.2080004
591,2008,Luxembourg,23.9,26.2,26.2,EUR,3.2,1.168889,3.7404448000000006
592,2008,Malta,26.9,30.1,30.1,EUR,3.59,1.168889,4.19631151
593,2008,Netherlands,24.3,28.4,28.4,EUR,4.74,1.168889,5.540533860000001
594,2008,Portugal,23.1,26.1,26.1,EUR,3.3,1.168889,3.8573337
595,2008,Slovakia,26.8,31.9,31.9,EUR,2.1,1.168889,2.4546669000000003
596,2008,Slovenia,22.4,24.3,24.3,EUR,2.2,1.168889,2.5715558000000005
597,2008,Spain,31.0,33.3,33.3,EUR,2.5,1.168889,2.9222225
598,2008,Azerbaijan,19.3,24.2,24.2,AZN,0.7,0.588322,0.4118254
599,2008,Bangladesh,22.0,3.0,45.5,BDT,15.0,0.011682,0.17523
600,2008,Barbados,2.0,2.6,2.7,BBD,11.0,0.500221,5.5024310000000005
601,2008,Benin,10.4,14.5,20.2,XOF,500.0,0.001782,0.891
602,2008,Burkina Faso,11.2,25.2,22.7,XOF,500.0,0.001782,0.891
603,2008,Côte d’Ivoire,12.6,15.5,3.4,XOF,700.0,0.001782,1.2474
604,2008,Mali,18.2,2.6,2.6,XOF,700.0,0.001782,1.2474
605,2008,Niger,10.9,12.8,14.5,XOF,400.0,0.001782,0.7128
606,2008,Senegal,15.8,18.3,12.1,XOF,400.0,0.001782,0.7128
607,2008,Togo,12.2,16.1,3.3,XOF,350.0,0.001782,0.6237
608,2008,Bosnia and Herzegovina,34.7,42.8,42.8,BAM,2.0,0.597667,1.195334
609,2008,Botswana,24.9,31.8,27.7,BWP,17.5,0.088446,1.5478049999999999
610,2008,Brazil,17.0,19.2,25.0,BRL,2.4,0.184339,0.4424136
611,2008,Burundi,18.1,21.3,23.9,BIF,600.0,0.000503,0.30179999999999996
612,2008,Cambodia,4.4,4.7,34.6,USD,0.3,1.0,0.3
613,2008,El Salvador,19.4,23.1,28.6,USD,1.4,1.0,1.4
614,2008,Palau,26.3,22.2,29.5,USD,3.5,1.0,3.5
615,2008,Panama,3.1,16.5,19.1,USD,1.96,1.0,1.96
616,2008,Timor-Leste,6.4,48.5,48.5,USD,1.0,1.0,1.0
617,2008,United States of America,21.5,25.1,29.1,USD,4.58,1.0,4.58
618,2008,Zimbabwe,12.9,2.1,2.1,USD,0.4,1.0,0.4
619,2008,Cameroon,15.2,15.2,2.0,XAF,500.0,0.001782,0.891
620,2008,Chad,12.5,10.0,22.6,XAF,500.0,0.001782,0.891
621,2008,Congo,16.2,18.1,22.2,XAF,500.0,0.001782,0.891
622,2008,Canada,20.0,20.7,28.1,CAD,7.86,0.78862,6.1985532
623,2008,Chile,38.3,49.6,49.6,CLP,1074.0,0.001248,1.340352
624,2008,China,25.0,27.3,27.3,CNY,6.44,0.154878,0.99741432
625,2008,Colombia,15.9,17.9,17.9,COP,1769.0,0.00026,0.45993999999999996
626,2008,Comoros,22.0,26.5,30.4,KMF,500.0,0.002373,1.1865
627,2008,Cook Islands,28.6,35.7,35.7,NZD,8.2,0.696079,5.7078478
628,2008,New Zealand,21.5,22.5,22.5,NZD,10.0,0.696079,6.96079
629,2008,Costa Rica,18.7,20.8,20.8,CRC,750.0,0.001599,1.19925
630,2008,Croatia,31.8,35.3,35.3,HRK,15.0,0.155857,2.337855
631,2008,Cuba,27.3,37.8,37.8,CUP,7.0,0.038857,0.271999
632,2008,Czechia,28.4,33.4,33.4,CZK,53.0,0.045853,2.430209
633,2008,Democratic People's Republic of Korea,16.8,20.3,20.3,KPW,20.0,0.001112,0.02224
634,2008,Denmark,25.8,28.5,28.5,DKK,32.0,0.157227,5.031264
635,2008,Dominican Republic,13.6,14.3,14.3,DOP,100.0,0.017748,1.7748
636,2008,Egypt,16.2,21.3,21.3,EGP,2.75,0.06371,0.1752025
637,2008,Eritrea,11.9,14.5,10.2,ERN,25.0,0.066693,1.667325
638,2008,Eswatini,15.0,2.4,18.8,SZL,27.5,0.066486,1.828365
639,2008,Ethiopia,3.6,4.2,10.5,ETB,4.35,0.0216,0.09396
640,2008,Fiji,24.4,29.9,29.9,FJD,4.6,0.476915,2.193809
641,2008,Gambia,13.5,18.0,2.8,GMD,10.0,0.019428,0.19428
642,2008,Georgia,5.3,5.7,5.7,GEL,1.8,0.321734,0.5791212
643,2008,Ghana,3.6,4.8,5.1,GHS,1.5,0.165981,0.24897149999999998
644,2008,Guyana,3.8,3.8,3.8,GYD,240.0,0.004788,1.14912
645,2008,Iceland,17.6,22.1,22.1,ISK,665.0,0.0078,5.186999999999999
646,2008,India,13.0,23.8,38.5,INR,58.0,0.013485,0.78213
647,2008,Indonesia,30.7,30.7,39.3,IDR,12500.0,7e-05,0.8749999999999999
648,2008,Iran (Islamic Republic of),11.3,25.1,30.7,IRR,4739.0,2.4e-05,0.113736
649,2008,Iraq,28.8,37.1,44.4,IQD,500.0,0.000685,0.34249999999999997
650,2008,Israel,24.6,28.7,28.7,ILS,19.0,0.311685,5.922015
651,2008,Jamaica,19.4,24.0,24.0,JMD,405.0,0.006768,2.74104
652,2008,Japan,27.2,28.3,28.3,JPY,300.0,0.00897,2.6910000000000003
653,2008,Kazakhstan,46.8,50.1,50.1,KZT,90.0,0.002355,0.21195
654,2008,Kenya,11.0,13.6,27.1,KES,80.0,0.009055,0.7244
655,2008,Kuwait,2.3,37.0,43.6,KWD,0.47,3.319902,1.56035394
656,2008,Kyrgyzstan,3.7,4.3,4.3,KGS,22.0,0.011799,0.25957800000000003
657,2008,Lao People's Democratic Republic,50.2,36.6,51.1,LAK,5000.0,0.000101,0.505
658,2008,Lebanon,29.6,34.4,43.3,LBP,2000.0,0.000659,1.3179999999999998
659,2008,Lesotho,16.3,20.8,42.5,LSL,22.0,0.066232,1.457104
660,2008,Liberia,15.8,2.1,18.9,LRD,50.0,0.00585,0.2925
661,2008,Madagascar,16.4,22.7,36.5,MGA,1400.0,0.000252,0.3528
662,2008,Mauritius,3.6,4.2,54.1,MUR,65.0,0.023443,1.523795
663,2008,Mexico,26.7,29.0,29.0,MXN,28.0,0.049186,1.377208
664,2008,Mongolia,42.6,52.2,57.6,MNT,500.0,0.000352,0.176
665,2008,Morocco,14.8,17.4,19.4,MAD,17.5,0.110998,1.9424649999999999
666,2008,Mozambique,2.3,34.5,33.7,MZN,15.0,0.015681,0.235215
667,2008,Myanmar,39.7,29.9,55.4,MMK,1050.0,0.000535,0.56175
668,2008,Namibia,21.5,21.8,21.9,NAD,23.0,0.066971,1.540333
669,2008,Nepal,27.4,30.8,49.0,NPR,65.0,0.008448,0.54912
670,2008,Nigeria,4.5,5.2,11.2,NGN,180.0,0.002436,0.43848
671,2008,Norway,24.5,30.8,20.7,NOK,71.0,0.115529,8.202559
672,2008,Oman,10.7,14.2,18.1,OMR,0.6,2.593841,1.5563045999999998
673,2008,Pakistan,28.9,37.6,30.7,PKR,18.4,0.005879,0.10817359999999998
674,2008,Paraguay,27.5,32.9,32.9,PYG,1000.0,0.000146,0.146
675,2008,Peru,30.2,33.0,33.0,PEN,4.0,0.24239,0.96956
676,2008,Philippines,46.0,30.5,30.5,PHP,12.23,0.019612,0.23985476000000003
677,2008,Poland,31.8,34.1,34.1,PLN,5.75,0.252176,1.450012
678,2008,Qatar,10.1,12.7,14.9,QAR,6.0,0.276283,1.657698
679,2008,Republic of Korea,48.9,51.7,51.7,KRW,2500.0,0.000842,2.105
680,2008,Republic of Moldova,39.3,43.8,43.8,MDL,6.0,0.056758,0.340548
681,2008,Romania,30.8,34.4,34.4,RON,6.5,0.236175,1.5351375
682,2008,Russian Federation,30.9,31.5,31.5,RUB,25.0,0.013731,0.343275
683,2008,Rwanda,16.9,24.3,24.6,RWF,500.0,0.000992,0.496
684,2008,Samoa,28.7,35.6,35.6,WST,7.8,0.390717,3.0475925999999998
685,2008,Saudi Arabia,2.1,2.9,3.3,SAR,6.0,0.266681,1.6000860000000001
686,2008,Serbia,38.8,43.6,43.6,RSD,70.0,0.009941,0.69587
687,2008,Seychelles,34.1,38.8,39.5,SCR,66.0,0.075113,4.957458
688,2008,Sierra Leone,36.6,28.6,28.6,SLL,1600.0,9.5e-05,0.152
689,2008,Singapore,24.6,27.5,27.5,SGD,11.6,0.73699,8.549084
